CustomerID,Country,Customer_Rank,Revenue,Cumulative_Revenue_Pct,Revenue_Contribution_Pct
18102,United Kingdom,1,608821.65,3.44,3.44
14646,Netherlands,2,528602.52,6.43,2.99
14156,EIRE,3,313759.82,8.21,1.77
14911,EIRE,4,295832.39,9.88,1.67
17450,United Kingdom,5,246813.09,11.27,1.4
13694,United Kingdom,6,196482.81,12.38,1.11
17511,United Kingdom,7,175603.55,13.38,0.99
16446,United Kingdom,8,168472.5,14.33,0.95
16684,United Kingdom,9,147142.77,15.16,0.83
12415,Australia,10,144458.37,15.98,0.82
15061,United Kingdom,11,137818.52,16.76,0.78
16029,United Kingdom,12,122035.14,17.45,0.69
17949,United Kingdom,13,118628.08,18.12,0.67
13089,United Kingdom,14,116647.53,18.78,0.66
15311,United Kingdom,15,116575.49,19.44,0.66
12931,United Kingdom,16,92347.34,19.96,0.52
14298,United Kingdom,17,91194.49,20.48,0.52
15769,United Kingdom,18,88704.32,20.98,0.5
12346,United Kingdom,19,77556.46,21.42,0.44
13798,United Kingdom,20,75836.87,21.84,0.43
15838,United Kingdom,21,74163.0,22.26,0.42
17841,United Kingdom,22,70081.86,22.66,0.4
16754,United Kingdom,23,67502.47,23.04,0.38
14096,United Kingdom,24,65164.79,23.41,0.37
14088,United Kingdom,25,64036.8,23.77,0.36
16422,United Kingdom,26,63589.07,24.13,0.36
13081,United Kingdom,27,59205.15,24.47,0.33
14680,United Kingdom,28,57369.38,24.79,0.32
17389,United Kingdom,29,57215.33,25.11,0.32
16013,United Kingdom,30,57140.44,25.44,0.32
17850,United Kingdom,31,56600.08,25.76,0.32
13777,United Kingdom,32,56478.42,26.08,0.32
12748,United Kingdom,33,55511.09,26.39,0.31
13093,United Kingdom,34,54943.65,26.7,0.31
13408,United Kingdom,35,51733.46,26.99,0.29
17404,Sweden,36,47781.12,27.26,0.27
13881,United Kingdom,37,45179.1,27.52,0.26
15749,United Kingdom,38,44534.3,27.77,0.25
16705,United Kingdom,39,43515.05,28.02,0.25
14031,United Kingdom,40,40919.58,28.25,0.23
17381,United Kingdom,41,40002.37,28.48,0.23
12471,Germany,42,39918.19,28.7,0.23
15098,United Kingdom,43,39916.5,28.93,0.23
15039,United Kingdom,44,39726.89,29.15,0.22
16210,United Kingdom,45,38489.51,29.37,0.22
17675,United Kingdom,46,38259.6,29.59,0.22
17677,United Kingdom,47,36675.06,29.79,0.21
12921,United Kingdom,48,35921.04,30.0,0.2
13767,United Kingdom,49,35540.53,30.2,0.2
12678,France,50,34281.18,30.39,0.19
13902,Denmark,51,34095.26,30.58,0.19
15856,United Kingdom,52,33847.27,30.77,0.19
16779,United Kingdom,53,33165.94,30.96,0.19
14258,United Kingdom,54,32051.34,31.14,0.18
17428,United Kingdom,55,31819.76,31.32,0.18
12681,France,56,30868.28,31.5,0.17
12709,Germany,57,30814.46,31.67,0.17
14606,United Kingdom,58,30558.25,31.85,0.17
17940,United Kingdom,59,30306.79,32.02,0.17
13078,United Kingdom,60,29532.45,32.18,0.17
13098,United Kingdom,61,28882.44,32.35,0.16
17857,United Kingdom,62,28682.24,32.51,0.16
14527,United Kingdom,63,27764.21,32.67,0.16
15513,United Kingdom,64,27750.55,32.82,0.16
16333,United Kingdom,65,26626.8,32.97,0.15
17865,United Kingdom,66,26312.19,33.12,0.15
18251,United Kingdom,67,26278.86,33.27,0.15
13802,United Kingdom,68,26259.11,33.42,0.15
15498,United Kingdom,69,25949.58,33.57,0.15
12731,France,70,25775.71,33.71,0.15
14062,United Kingdom,71,25585.65,33.86,0.14
12744,Singapore,72,25317.06,34.0,0.14
12939,United Kingdom,73,25264.8,34.14,0.14
14895,United Kingdom,74,25119.54,34.28,0.14
12621,Germany,75,24775.81,34.42,0.14
16525,United Kingdom,76,24562.74,34.56,0.14
17920,United Kingdom,77,24256.74,34.7,0.14
13001,United Kingdom,78,24042.65,34.84,0.14
12682,France,79,24025.51,34.97,0.14
15640,United Kingdom,80,23828.03,35.11,0.13
14607,United Kingdom,81,23763.13,35.24,0.13
12482,Sweden,82,23691.4,35.38,0.13
12409,Switzerland,83,23419.29,35.51,0.13
16133,United Kingdom,84,22992.26,35.64,0.13
14063,United Kingdom,85,22710.2,35.77,0.13
14051,United Kingdom,86,22394.4,35.89,0.13
16839,United Kingdom,87,22310.49,36.02,0.13
17340,United Kingdom,88,22289.22,36.15,0.13
12540,Spain,89,22254.49,36.27,0.13
15159,United Kingdom,90,22116.73,36.4,0.13
13340,United Kingdom,91,22100.56,36.52,0.12
13319,United Kingdom,92,22082.5,36.65,0.12
14667,United Kingdom,93,21593.05,36.77,0.12
12753,Japan,94,21429.39,36.89,0.12
15615,United Kingdom,95,21373.97,37.01,0.12
14866,United Kingdom,96,20850.22,37.13,0.12
17706,United Kingdom,97,20749.98,37.25,0.12
12433,Norway,98,20581.26,37.36,0.12
17243,United Kingdom,99,20460.48,37.48,0.12
15251,United Kingdom,100,20324.54,37.59,0.11
12477,Germany,101,20276.37,37.71,0.11
18008,United Kingdom,102,19759.08,37.82,0.11
16843,United Kingdom,103,19571.43,37.93,0.11
17139,United Kingdom,104,19566.76,38.04,0.11
17581,United Kingdom,105,18737.95,38.15,0.11
12557,Spain,106,18716.14,38.25,0.11
14194,United Kingdom,107,18670.59,38.36,0.11
13113,United Kingdom,108,18603.04,38.46,0.11
12357,Switzerland,109,18287.66,38.57,0.1
17377,United Kingdom,110,18232.57,38.67,0.1
15808,United Kingdom,111,18133.3,38.77,0.1
16746,United Kingdom,112,18046.75,38.87,0.1
12647,Germany,113,17924.35,38.97,0.1
12472,Germany,114,17880.59,39.08,0.1
15078,United Kingdom,115,17761.88,39.18,0.1
12901,United Kingdom,116,17654.54,39.28,0.1
14952,United Kingdom,117,17629.35,39.38,0.1
16652,United Kingdom,118,17550.39,39.48,0.1
15189,United Kingdom,119,17524.38,39.57,0.1
18172,United Kingdom,120,17467.24,39.67,0.1
16019,United Kingdom,121,17329.16,39.77,0.1
17416,United Kingdom,122,17298.45,39.87,0.1
15523,United Kingdom,123,17259.19,39.97,0.1
17735,United Kingdom,124,17244.93,40.06,0.1
13027,United Kingdom,125,17239.2,40.16,0.1
14277,France,126,17197.61,40.26,0.1
15358,United Kingdom,127,17050.41,40.35,0.1
13564,United Kingdom,128,17035.02,40.45,0.1
15125,United Kingdom,129,17024.87,40.55,0.1
16656,United Kingdom,130,16833.17,40.64,0.1
12454,Spain,131,16679.78,40.74,0.09
16553,United Kingdom,132,16584.01,40.83,0.09
13199,United Kingdom,133,16432.89,40.92,0.09
14961,United Kingdom,134,16410.15,41.02,0.09
13225,United Kingdom,135,16260.07,41.11,0.09
16180,United Kingdom,136,16249.87,41.2,0.09
12980,United Kingdom,137,16245.78,41.29,0.09
18092,United Kingdom,138,16179.44,41.38,0.09
14733,United Kingdom,139,16165.17,41.48,0.09
17107,United Kingdom,140,16052.72,41.57,0.09
15044,United Kingdom,141,16024.15,41.66,0.09
12971,United Kingdom,142,15972.79,41.75,0.09
17716,United Kingdom,143,15956.97,41.84,0.09
14849,United Kingdom,144,15763.45,41.93,0.09
16191,United Kingdom,145,15677.82,42.01,0.09
13488,United Kingdom,146,15587.88,42.1,0.09
12949,United Kingdom,147,15526.7,42.19,0.09
14769,United Kingdom,148,15514.11,42.28,0.09
15768,United Kingdom,149,15308.89,42.36,0.09
15601,United Kingdom,150,14960.12,42.45,0.08
18087,United Kingdom,151,14761.52,42.53,0.08
16126,United Kingdom,152,14644.6,42.62,0.08
17133,United Kingdom,153,14622.33,42.7,0.08
16873,United Kingdom,154,14617.39,42.78,0.08
14543,United Kingdom,155,14587.87,42.86,0.08
16713,United Kingdom,156,14529.99,42.95,0.08
17448,United Kingdom,157,14523.67,43.03,0.08
14299,United Kingdom,158,14499.49,43.11,0.08
12583,France,159,14447.44,43.19,0.08
15482,United Kingdom,160,14417.36,43.27,0.08
15093,United Kingdom,161,14326.11,43.35,0.08
17017,United Kingdom,162,14110.61,43.43,0.08
13090,United Kingdom,163,14100.14,43.51,0.08
12714,France,164,14093.71,43.59,0.08
12476,Germany,165,14083.91,43.67,0.08
13178,United Kingdom,166,14059.19,43.75,0.08
18223,United Kingdom,167,14000.85,43.83,0.08
15005,United Kingdom,168,13977.08,43.91,0.08
15502,United Kingdom,169,13933.27,43.99,0.08
12435,Denmark,170,13925.93,44.07,0.08
15760,Norway,171,13916.34,44.15,0.08
16558,United Kingdom,172,13873.51,44.23,0.08
15291,United Kingdom,173,13846.56,44.3,0.08
17589,United Kingdom,174,13837.94,44.38,0.08
15032,United Kingdom,175,13780.65,44.46,0.08
15382,United Kingdom,176,13733.55,44.54,0.08
12567,France,177,13709.86,44.61,0.08
12989,United Kingdom,178,13551.75,44.69,0.08
13468,United Kingdom,179,13375.51,44.77,0.08
15738,United Kingdom,180,13372.97,44.84,0.08
13629,United Kingdom,181,13370.86,44.92,0.08
13097,United Kingdom,182,13324.1,44.99,0.08
13969,United Kingdom,183,13291.05,45.07,0.08
16923,United Kingdom,184,13157.13,45.14,0.07
18225,United Kingdom,185,13044.8,45.22,0.07
14049,United Kingdom,186,13023.4,45.29,0.07
14110,United Kingdom,187,12987.95,45.36,0.07
13668,United Kingdom,188,12948.48,45.44,0.07
13316,United Kingdom,189,12940.82,45.51,0.07
13952,United Kingdom,190,12823.52,45.58,0.07
16549,United Kingdom,191,12781.8,45.66,0.07
17858,United Kingdom,192,12754.9,45.73,0.07
16161,United Kingdom,193,12744.26,45.8,0.07
12683,France,194,12696.78,45.87,0.07
12437,France,195,12683.4,45.94,0.07
12451,Switzerland,196,12669.88,46.01,0.07
15465,United Kingdom,197,12636.15,46.09,0.07
13013,United Kingdom,198,12625.77,46.16,0.07
12536,France,199,12601.83,46.23,0.07
14040,United Kingdom,200,12523.81,46.3,0.07
15194,United Kingdom,201,12427.69,46.37,0.07
14936,Channel Islands,202,12410.81,46.44,0.07
16000,United Kingdom,203,12393.7,46.51,0.07
12474,Germany,204,12372.75,46.58,0.07
12481,Germany,205,12344.89,46.65,0.07
13050,United Kingdom,206,12314.53,46.72,0.07
14739,United Kingdom,207,12287.5,46.79,0.07
13854,United Kingdom,208,12253.96,46.86,0.07
14735,United Kingdom,209,12240.16,46.93,0.07
16814,United Kingdom,210,12198.14,47.0,0.07
13418,United Kingdom,211,12182.9,47.07,0.07
15144,United Kingdom,212,12160.31,47.13,0.07
15555,United Kingdom,213,12062.69,47.2,0.07
15023,United Kingdom,214,12008.05,47.27,0.07
14415,United Kingdom,215,11980.09,47.34,0.07
17364,United Kingdom,216,11972.92,47.41,0.07
17044,United Kingdom,217,11962.3,47.47,0.07
13458,United Kingdom,218,11959.27,47.54,0.07
16258,United Kingdom,219,11942.52,47.61,0.07
16523,United Kingdom,220,11916.33,47.68,0.07
17338,United Kingdom,221,11889.33,47.74,0.07
13687,United Kingdom,222,11880.84,47.81,0.07
14505,United Kingdom,223,11879.08,47.88,0.07
18226,United Kingdom,224,11878.88,47.94,0.07
12705,Germany,225,11762.1,48.01,0.07
14426,United Kingdom,226,11727.94,48.08,0.07
13102,United Kingdom,227,11696.92,48.14,0.07
13004,United Kingdom,228,11650.85,48.21,0.07
13576,United Kingdom,229,11551.74,48.27,0.07
15218,United Kingdom,230,11468.83,48.34,0.06
13680,United Kingdom,231,11419.67,48.4,0.06
14016,EIRE,232,11403.41,48.47,0.06
12668,Germany,233,11383.03,48.53,0.06
17809,United Kingdom,234,11337.39,48.6,0.06
14045,United Kingdom,235,11313.03,48.66,0.06
15874,United Kingdom,236,11284.76,48.72,0.06
12539,Spain,237,11214.75,48.79,0.06
18055,United Kingdom,238,11143.12,48.85,0.06
12524,Germany,239,11126.11,48.91,0.06
14134,United Kingdom,240,11123.35,48.98,0.06
13941,United Kingdom,241,11122.3,49.04,0.06
12918,United Kingdom,242,10953.5,49.1,0.06
16985,United Kingdom,243,10923.16,49.16,0.06
18052,United Kingdom,244,10877.18,49.23,0.06
14796,United Kingdom,245,10840.54,49.29,0.06
15694,United Kingdom,246,10810.81,49.35,0.06
18229,United Kingdom,247,10803.71,49.41,0.06
12431,Belgium,248,10790.47,49.47,0.06
16033,United Kingdom,249,10764.45,49.53,0.06
16327,United Kingdom,250,10695.24,49.59,0.06
16168,United Kingdom,251,10636.47,49.65,0.06
13324,United Kingdom,252,10513.47,49.71,0.06
15290,United Kingdom,253,10496.28,49.77,0.06
14028,United Kingdom,254,10396.5,49.83,0.06
16984,United Kingdom,255,10350.53,49.89,0.06
15296,United Kingdom,256,10323.03,49.95,0.06
14422,United Kingdom,257,10271.52,50.0,0.06
17160,United Kingdom,258,10209.16,50.06,0.06
15719,United Kingdom,259,10195.97,50.12,0.06
13599,United Kingdom,260,10163.88,50.18,0.06
15805,United Kingdom,261,10148.93,50.23,0.06
12839,United Kingdom,262,10071.73,50.29,0.06
12766,Portugal,263,10068.28,50.35,0.06
15547,United Kingdom,264,10057.05,50.4,0.06
14085,United Kingdom,265,10028.72,50.46,0.06
13985,United Kingdom,266,10020.86,50.52,0.06
16782,United Kingdom,267,10000.32,50.57,0.06
16353,United Kingdom,268,9999.46,50.63,0.06
14755,United Kingdom,269,9972.55,50.69,0.06
16182,United Kingdom,270,9971.65,50.74,0.06
14101,United Kingdom,271,9961.93,50.8,0.06
16131,United Kingdom,272,9957.42,50.86,0.06
18260,United Kingdom,273,9947.26,50.91,0.06
17049,United Kingdom,274,9942.53,50.97,0.06
16701,United Kingdom,275,9916.73,51.03,0.06
12758,Portugal,276,9903.24,51.08,0.06
14329,United Kingdom,277,9887.62,51.14,0.06
13327,United Kingdom,278,9879.48,51.19,0.06
12590,Germany,279,9864.26,51.25,0.06
14828,United Kingdom,280,9839.46,51.3,0.06
18109,United Kingdom,281,9833.16,51.36,0.06
12490,France,282,9823.64,51.42,0.06
14944,United Kingdom,283,9784.67,51.47,0.06
17306,United Kingdom,284,9782.35,51.53,0.06
13018,United Kingdom,285,9763.16,51.58,0.06
13735,United Kingdom,286,9762.77,51.64,0.06
13267,United Kingdom,287,9758.26,51.69,0.06
12380,Belgium,288,9676.3,51.75,0.05
14135,United Kingdom,289,9643.92,51.8,0.05
13069,United Kingdom,290,9616.95,51.86,0.05
17315,United Kingdom,291,9599.58,51.91,0.05
14091,United Kingdom,292,9530.08,51.96,0.05
17811,United Kingdom,293,9519.8,52.02,0.05
14060,United Kingdom,294,9519.08,52.07,0.05
13999,United Kingdom,295,9502.26,52.12,0.05
17504,United Kingdom,296,9490.17,52.18,0.05
15298,United Kingdom,297,9459.37,52.23,0.05
14146,United Kingdom,298,9450.3,52.29,0.05
14439,Greece,299,9443.04,52.34,0.05
13758,United Kingdom,300,9416.98,52.39,0.05
17230,United Kingdom,301,9388.49,52.45,0.05
15727,United Kingdom,302,9371.71,52.5,0.05
16550,United Kingdom,303,9368.24,52.55,0.05
17757,United Kingdom,304,9366.5,52.6,0.05
13174,United Kingdom,305,9364.42,52.66,0.05
15981,United Kingdom,306,9362.77,52.71,0.05
13162,United Kingdom,307,9275.49,52.76,0.05
15249,United Kingdom,308,9266.0,52.81,0.05
12747,United Kingdom,309,9257.04,52.87,0.05
15570,United Kingdom,310,9254.14,52.92,0.05
14367,United Kingdom,311,9227.82,52.97,0.05
14292,United Kingdom,312,9226.25,53.02,0.05
13448,United Kingdom,313,9189.89,53.08,0.05
13756,United Kingdom,314,9188.75,53.13,0.05
15260,United Kingdom,315,9188.23,53.18,0.05
16700,United Kingdom,316,9167.71,53.23,0.05
17068,United Kingdom,317,9153.83,53.28,0.05
15939,United Kingdom,318,9060.39,53.33,0.05
16709,United Kingdom,319,9056.01,53.39,0.05
15867,United Kingdom,320,9034.95,53.44,0.05
12755,Japan,321,9030.66,53.49,0.05
16186,United Kingdom,322,9026.11,53.54,0.05
16722,United Kingdom,323,8989.08,53.59,0.05
15150,United Kingdom,324,8977.94,53.64,0.05
15903,United Kingdom,325,8939.84,53.69,0.05
13555,United Kingdom,326,8891.84,53.74,0.05
13269,United Kingdom,327,8888.75,53.79,0.05
14709,United Kingdom,328,8886.33,53.84,0.05
12359,Cyprus,329,8873.39,53.89,0.05
17576,United Kingdom,330,8831.6,53.94,0.05
17396,United Kingdom,331,8807.1,53.99,0.05
13047,United Kingdom,332,8795.16,54.04,0.05
16532,United Kingdom,333,8756.64,54.09,0.05
12957,United Kingdom,334,8706.97,54.14,0.05
13263,United Kingdom,335,8676.2,54.19,0.05
15955,United Kingdom,336,8658.36,54.24,0.05
15497,United Kingdom,337,8657.39,54.29,0.05
18041,United Kingdom,338,8633.66,54.34,0.05
16945,United Kingdom,339,8548.16,54.38,0.05
15281,United Kingdom,340,8543.57,54.43,0.05
15270,United Kingdom,341,8524.86,54.48,0.05
15984,United Kingdom,342,8515.72,54.53,0.05
12798,Japan,343,8510.93,54.58,0.05
13209,United Kingdom,344,8509.51,54.63,0.05
15786,United Kingdom,345,8501.62,54.67,0.05
13148,United Kingdom,346,8497.82,54.72,0.05
14286,United Kingdom,347,8479.76,54.77,0.05
18139,United Kingdom,348,8438.34,54.82,0.05
13715,United Kingdom,349,8425.69,54.86,0.05
14160,United Kingdom,350,8421.47,54.91,0.05
14676,United Kingdom,351,8356.79,54.96,0.05
14057,United Kingdom,352,8346.66,55.01,0.05
17611,United Kingdom,353,8337.53,55.05,0.05
13206,United Kingdom,354,8308.19,55.1,0.05
12643,France,355,8304.82,55.15,0.05
17686,United Kingdom,356,8296.81,55.19,0.05
12637,France,357,8283.81,55.24,0.05
15998,United Kingdom,358,8274.14,55.29,0.05
12720,Germany,359,8260.67,55.34,0.05
15034,United Kingdom,360,8231.2,55.38,0.05
13381,United Kingdom,361,8224.37,55.43,0.05
13139,United Kingdom,362,8202.98,55.47,0.05
14030,United Kingdom,363,8198.3,55.52,0.05
17365,United Kingdom,364,8184.49,55.57,0.05
13426,United Kingdom,365,8167.38,55.61,0.05
15544,United Kingdom,366,8162.43,55.66,0.05
14056,United Kingdom,367,8152.71,55.71,0.05
16672,United Kingdom,368,8134.94,55.75,0.05
14395,United Kingdom,369,8110.61,55.8,0.05
17593,United Kingdom,370,8092.32,55.84,0.05
17426,United Kingdom,371,8077.77,55.89,0.05
16767,United Kingdom,372,8056.76,55.93,0.05
16670,United Kingdom,373,8030.15,55.98,0.05
14525,United Kingdom,374,8026.54,56.03,0.05
16556,United Kingdom,375,8012.58,56.07,0.05
13869,United Kingdom,376,7996.87,56.12,0.05
15299,United Kingdom,377,7991.54,56.16,0.05
12428,Finland,378,7956.46,56.21,0.04
16303,United Kingdom,379,7928.27,56.25,0.04
14291,United Kingdom,380,7904.1,56.3,0.04
13871,United Kingdom,381,7885.85,56.34,0.04
14159,United Kingdom,382,7860.8,56.38,0.04
15622,United Kingdom,383,7852.61,56.43,0.04
17085,United Kingdom,384,7847.67,56.47,0.04
12757,Portugal,385,7834.65,56.52,0.04
12867,United Kingdom,386,7829.26,56.56,0.04
14282,United Kingdom,387,7821.76,56.61,0.04
16592,United Kingdom,388,7807.91,56.65,0.04
17409,United Kingdom,389,7793.51,56.69,0.04
17091,United Kingdom,390,7789.2,56.74,0.04
17730,United Kingdom,391,7773.8,56.78,0.04
15581,United Kingdom,392,7752.74,56.83,0.04
14800,United Kingdom,393,7747.17,56.87,0.04
17739,United Kingdom,394,7730.59,56.91,0.04
13534,United Kingdom,395,7720.9,56.96,0.04
17238,United Kingdom,396,7701.76,57.0,0.04
17696,United Kingdom,397,7679.59,57.04,0.04
14175,United Kingdom,398,7678.88,57.09,0.04
13141,United Kingdom,399,7656.08,57.13,0.04
14688,United Kingdom,400,7635.4,57.17,0.04
15046,United Kingdom,401,7623.79,57.22,0.04
14145,United Kingdom,402,7600.05,57.26,0.04
13373,United Kingdom,403,7587.19,57.3,0.04
13137,United Kingdom,404,7586.94,57.35,0.04
15301,United Kingdom,405,7583.04,57.39,0.04
13709,United Kingdom,406,7571.35,57.43,0.04
15179,United Kingdom,407,7491.92,57.47,0.04
12429,Denmark,408,7485.91,57.52,0.04
13815,Germany,409,7475.74,57.56,0.04
12841,United Kingdom,410,7464.19,57.6,0.04
16570,United Kingdom,411,7434.31,57.64,0.04
14243,United Kingdom,412,7431.05,57.68,0.04
17690,United Kingdom,413,7412.0,57.73,0.04
16242,United Kingdom,414,7404.65,57.77,0.04
17602,United Kingdom,415,7354.43,57.81,0.04
13082,United Kingdom,416,7335.75,57.85,0.04
16253,United Kingdom,417,7272.2,57.89,0.04
14092,United Kingdom,418,7229.45,57.93,0.04
16729,United Kingdom,419,7205.33,57.97,0.04
12712,Germany,420,7193.66,58.02,0.04
16745,United Kingdom,421,7180.7,58.06,0.04
14841,United Kingdom,422,7163.0,58.1,0.04
17965,United Kingdom,423,7157.2,58.14,0.04
15950,United Kingdom,424,7120.91,58.18,0.04
15521,United Kingdom,425,7098.24,58.22,0.04
14113,United Kingdom,426,7092.61,58.26,0.04
13451,United Kingdom,427,7090.06,58.3,0.04
13983,United Kingdom,428,7083.25,58.34,0.04
17231,United Kingdom,429,7064.8,58.38,0.04
17769,United Kingdom,430,7053.38,58.42,0.04
13183,United Kingdom,431,7036.18,58.46,0.04
17975,United Kingdom,432,7010.43,58.5,0.04
16938,United Kingdom,433,6995.36,58.54,0.04
13831,United Kingdom,434,6993.54,58.58,0.04
12662,Germany,435,6988.02,58.62,0.04
16717,United Kingdom,436,6970.93,58.65,0.04
13552,United Kingdom,437,6948.92,58.69,0.04
15674,United Kingdom,438,6948.23,58.73,0.04
16265,United Kingdom,439,6935.17,58.77,0.04
16187,United Kingdom,440,6911.44,58.81,0.04
13520,Switzerland,441,6909.4,58.85,0.04
12749,United Kingdom,442,6897.36,58.89,0.04
16170,United Kingdom,443,6869.0,58.93,0.04
15129,United Kingdom,444,6860.18,58.97,0.04
18231,United Kingdom,445,6854.17,59.01,0.04
16401,United Kingdom,446,6849.15,59.04,0.04
12613,Germany,447,6817.37,59.08,0.04
12830,United Kingdom,448,6814.64,59.12,0.04
16145,United Kingdom,449,6805.44,59.16,0.04
15413,United Kingdom,450,6798.72,59.2,0.04
12417,Belgium,451,6797.41,59.24,0.04
14401,United Kingdom,452,6795.9,59.28,0.04
15750,United Kingdom,453,6793.51,59.31,0.04
16456,United Kingdom,454,6788.34,59.35,0.04
13993,United Kingdom,455,6775.71,59.39,0.04
12779,Poland,456,6722.27,59.43,0.04
15321,United Kingdom,457,6709.73,59.47,0.04
14844,United Kingdom,458,6702.43,59.5,0.04
14388,United Kingdom,459,6701.0,59.54,0.04
12913,United Kingdom,460,6700.86,59.58,0.04
13734,United Kingdom,461,6695.69,59.62,0.04
16497,United Kingdom,462,6695.28,59.66,0.04
18118,United Kingdom,463,6693.13,59.69,0.04
13384,United Kingdom,464,6680.83,59.73,0.04
17700,United Kingdom,465,6679.97,59.77,0.04
14702,United Kingdom,466,6679.23,59.81,0.04
14461,United Kingdom,467,6676.91,59.84,0.04
17001,United Kingdom,468,6640.8,59.88,0.04
13953,United Kingdom,469,6640.68,59.92,0.04
14440,United Kingdom,470,6638.73,59.96,0.04
14562,United Kingdom,471,6638.15,60.0,0.04
13394,United Kingdom,472,6621.7,60.03,0.04
12626,Germany,473,6620.48,60.07,0.04
17819,United Kingdom,474,6612.52,60.11,0.04
12843,United Kingdom,475,6583.36,60.14,0.04
13015,United Kingdom,476,6579.78,60.18,0.04
13883,United Kingdom,477,6560.02,60.22,0.04
12836,United Kingdom,478,6559.73,60.26,0.04
14766,United Kingdom,479,6556.13,60.29,0.04
15332,Lithuania,480,6553.74,60.33,0.04
15980,United Kingdom,481,6543.68,60.37,0.04
14855,United Kingdom,482,6520.3,60.4,0.04
14221,United Kingdom,483,6517.49,60.44,0.04
17838,United Kingdom,484,6507.5,60.48,0.04
12823,United Kingdom,485,6501.5,60.51,0.04
17419,United Kingdom,486,6500.52,60.55,0.04
18061,United Kingdom,487,6488.97,60.59,0.04
13317,United Kingdom,488,6486.09,60.62,0.04
17873,United Kingdom,489,6470.28,60.66,0.04
14154,United Kingdom,490,6460.7,60.7,0.04
16940,United Kingdom,491,6427.66,60.73,0.04
16655,United Kingdom,492,6423.26,60.77,0.04
12656,France,493,6407.83,60.81,0.04
15514,United Kingdom,494,6392.06,60.84,0.04
18094,United Kingdom,495,6391.52,60.88,0.04
12406,Denmark,496,6390.36,60.91,0.04
14390,United Kingdom,497,6373.73,60.95,0.04
12356,Portugal,498,6371.73,60.99,0.04
14227,United Kingdom,499,6368.71,61.02,0.04
12484,Spain,500,6354.1,61.06,0.04
13590,United Kingdom,501,6336.04,61.09,0.04
18245,United Kingdom,502,6324.98,61.13,0.04
14180,United Kingdom,503,6319.25,61.17,0.04
13654,United Kingdom,504,6308.0,61.2,0.04
16710,United Kingdom,505,6291.77,61.24,0.04
15480,Malta,506,6279.0,61.27,0.04
13136,United Kingdom,507,6274.56,61.31,0.04
13615,United Kingdom,508,6272.53,61.34,0.04
14004,United Kingdom,509,6258.45,61.38,0.04
15369,United Kingdom,510,6251.26,61.41,0.04
12497,Germany,511,6248.5,61.45,0.04
17799,United Kingdom,512,6246.93,61.49,0.04
16735,United Kingdom,513,6217.41,61.52,0.04
13230,United Kingdom,514,6213.46,61.56,0.04
15673,United Kingdom,515,6204.32,61.59,0.04
13334,United Kingdom,516,6201.8,61.63,0.04
16103,United Kingdom,517,6191.71,61.66,0.04
16156,United Kingdom,518,6188.18,61.7,0.03
14534,United Kingdom,519,6187.66,61.73,0.03
14907,United Kingdom,520,6165.79,61.77,0.03
17669,United Kingdom,521,6142.35,61.8,0.03
13266,United Kingdom,522,6135.04,61.83,0.03
14852,United Kingdom,523,6132.43,61.87,0.03
13935,United Kingdom,524,6116.92,61.9,0.03
14560,United Kingdom,525,6114.03,61.94,0.03
18178,United Kingdom,526,6103.74,61.97,0.03
14530,United Kingdom,527,6088.87,62.01,0.03
17509,United Kingdom,528,6083.64,62.04,0.03
16954,United Kingdom,529,6081.88,62.08,0.03
12664,Finland,530,6070.04,62.11,0.03
17644,United Kingdom,531,6028.6,62.14,0.03
13658,United Kingdom,532,6025.5,62.18,0.03
15372,United Kingdom,533,6017.06,62.21,0.03
15202,United Kingdom,534,6001.49,62.25,0.03
12835,United Kingdom,535,5996.83,62.28,0.03
15755,United Kingdom,536,5993.12,62.31,0.03
14105,United Kingdom,537,5988.83,62.35,0.03
17457,United Kingdom,538,5984.81,62.38,0.03
17491,United Kingdom,539,5981.07,62.42,0.03
17625,United Kingdom,540,5978.9,62.45,0.03
14535,United Kingdom,541,5973.23,62.48,0.03
15785,United Kingdom,542,5969.93,62.52,0.03
14918,United Kingdom,543,5955.81,62.55,0.03
12500,Germany,544,5955.21,62.59,0.03
14257,United Kingdom,545,5954.45,62.62,0.03
17685,United Kingdom,546,5907.47,62.65,0.03
15971,United Kingdom,547,5902.83,62.69,0.03
12455,Cyprus,548,5879.95,62.72,0.03
18065,United Kingdom,549,5866.63,62.75,0.03
14210,United Kingdom,550,5861.52,62.79,0.03
17146,United Kingdom,551,5852.64,62.82,0.03
16011,United Kingdom,552,5838.96,62.85,0.03
14112,United Kingdom,553,5834.59,62.88,0.03
14189,United Kingdom,554,5814.39,62.92,0.03
13769,United Kingdom,555,5800.42,62.95,0.03
12910,United Kingdom,556,5796.52,62.98,0.03
17069,United Kingdom,557,5794.28,63.02,0.03
18075,United Kingdom,558,5783.29,63.05,0.03
17672,United Kingdom,559,5778.63,63.08,0.03
14099,United Kingdom,560,5750.91,63.11,0.03
15485,United Kingdom,561,5750.51,63.15,0.03
17863,United Kingdom,562,5745.2,63.18,0.03
16316,United Kingdom,563,5744.91,63.21,0.03
12615,France,564,5740.98,63.24,0.03
13771,United Kingdom,565,5728.82,63.28,0.03
13870,United Kingdom,566,5712.08,63.31,0.03
16607,United Kingdom,567,5706.87,63.34,0.03
17651,United Kingdom,568,5703.52,63.37,0.03
16279,United Kingdom,569,5698.28,63.4,0.03
16458,United Kingdom,570,5690.89,63.44,0.03
13157,United Kingdom,571,5687.36,63.47,0.03
12727,France,572,5679.53,63.5,0.03
12633,Germany,573,5678.16,63.53,0.03
13901,United Kingdom,574,5676.34,63.57,0.03
16409,United Kingdom,575,5652.74,63.6,0.03
15628,United Kingdom,576,5652.26,63.63,0.03
13722,United Kingdom,577,5635.41,63.66,0.03
12347,Iceland,578,5633.32,63.69,0.03
13842,United Kingdom,579,5629.91,63.72,0.03
16320,Unspecified,580,5628.99,63.76,0.03
16003,United Kingdom,581,5613.83,63.79,0.03
18145,United Kingdom,582,5609.74,63.82,0.03
16200,United Kingdom,583,5608.1,63.85,0.03
16546,United Kingdom,584,5606.47,63.88,0.03
17059,United Kingdom,585,5586.93,63.92,0.03
15228,United Kingdom,586,5580.27,63.95,0.03
15854,United Kingdom,587,5578.28,63.98,0.03
17203,United Kingdom,588,5564.09,64.01,0.03
15527,United Kingdom,589,5554.89,64.04,0.03
14572,United Kingdom,590,5526.88,64.07,0.03
14732,United Kingdom,591,5517.07,64.1,0.03
15898,United Kingdom,592,5513.09,64.13,0.03
17092,United Kingdom,593,5511.41,64.17,0.03
17204,United Kingdom,594,5504.69,64.2,0.03
13115,United Kingdom,595,5494.7,64.23,0.03
16609,United Kingdom,596,5493.46,64.26,0.03
13593,United Kingdom,597,5493.29,64.29,0.03
16393,United Kingdom,598,5482.57,64.32,0.03
16992,United Kingdom,599,5476.5,64.35,0.03
17512,United Kingdom,600,5467.82,64.38,0.03
12480,Germany,601,5464.85,64.41,0.03
18198,United Kingdom,602,5425.56,64.44,0.03
12378,Switzerland,603,5416.32,64.48,0.03
14713,United Kingdom,604,5414.71,64.51,0.03
14626,United Kingdom,605,5410.92,64.54,0.03
14249,United Kingdom,606,5400.46,64.57,0.03
17719,United Kingdom,607,5396.04,64.6,0.03
17612,United Kingdom,608,5394.86,64.63,0.03
13362,United Kingdom,609,5394.07,64.66,0.03
13014,United Kingdom,610,5381.08,64.69,0.03
14459,United Kingdom,611,5375.74,64.72,0.03
13495,United Kingdom,612,5374.26,64.75,0.03
14442,Channel Islands,613,5367.02,64.78,0.03
12362,Belgium,614,5356.23,64.81,0.03
17567,United Kingdom,615,5356.03,64.84,0.03
15641,United Kingdom,616,5345.55,64.87,0.03
16008,United Kingdom,617,5339.13,64.9,0.03
12708,Germany,618,5314.1,64.93,0.03
17584,United Kingdom,619,5309.42,64.96,0.03
14081,United Kingdom,620,5291.09,64.99,0.03
15394,United Kingdom,621,5286.8,65.02,0.03
15152,United Kingdom,622,5263.83,65.05,0.03
13931,United Kingdom,623,5257.38,65.08,0.03
13975,United Kingdom,624,5256.4,65.11,0.03
13107,United Kingdom,625,5253.07,65.14,0.03
14930,Channel Islands,626,5236.73,65.17,0.03
15722,United Kingdom,627,5234.0,65.2,0.03
17061,United Kingdom,628,5232.23,65.23,0.03
12422,Australia,629,5231.8,65.26,0.03
15606,United Kingdom,630,5230.99,65.29,0.03
13763,United Kingdom,631,5217.44,65.32,0.03
15812,United Kingdom,632,5201.47,65.35,0.03
14546,United Kingdom,633,5184.84,65.38,0.03
16931,United Kingdom,634,5184.27,65.41,0.03
17213,United Kingdom,635,5182.3,65.43,0.03
12510,Spain,636,5178.02,65.46,0.03
17663,United Kingdom,637,5175.83,65.49,0.03
15796,United Kingdom,638,5171.63,65.52,0.03
12625,Germany,639,5164.88,65.55,0.03
17157,United Kingdom,640,5151.9,65.58,0.03
16153,United Kingdom,641,5133.49,65.61,0.03
17346,United Kingdom,642,5132.72,65.64,0.03
16308,United Kingdom,643,5120.0,65.67,0.03
15443,United Kingdom,644,5114.23,65.7,0.03
13329,United Kingdom,645,5112.97,65.73,0.03
17519,United Kingdom,646,5109.47,65.75,0.03
16919,United Kingdom,647,5108.01,65.78,0.03
13523,United Kingdom,648,5101.52,65.81,0.03
12483,Sweden,649,5097.18,65.84,0.03
17402,United Kingdom,650,5095.53,65.87,0.03
12594,Italy,651,5090.11,65.9,0.03
17861,United Kingdom,652,5088.29,65.93,0.03
14493,United Kingdom,653,5087.86,65.96,0.03
15367,United Kingdom,654,5081.33,65.98,0.03
15529,United Kingdom,655,5079.32,66.01,0.03
14307,United Kingdom,656,5071.03,66.04,0.03
12395,Belgium,657,5067.27,66.07,0.03
12432,Norway,658,5059.32,66.1,0.03
18144,United Kingdom,659,5058.0,66.13,0.03
17469,United Kingdom,660,5051.25,66.16,0.03
17802,United Kingdom,661,5046.42,66.19,0.03
12600,Germany,662,5043.92,66.21,0.03
13634,United Kingdom,663,5033.77,66.24,0.03
12759,Netherlands,664,5020.74,66.27,0.03
16904,United Kingdom,665,5014.06,66.3,0.03
12444,Norway,666,5005.46,66.33,0.03
17084,United Kingdom,667,5001.21,66.36,0.03
14209,United Kingdom,668,4993.27,66.38,0.03
14639,United Kingdom,669,4978.96,66.41,0.03
13198,United Kingdom,670,4974.23,66.44,0.03
12562,France,671,4966.92,66.47,0.03
17758,United Kingdom,672,4964.03,66.5,0.03
16905,United Kingdom,673,4961.17,66.52,0.03
12700,France,674,4939.99,66.55,0.03
14970,United Kingdom,675,4919.35,66.58,0.03
14825,United Kingdom,676,4919.18,66.61,0.03
16143,United Kingdom,677,4910.83,66.64,0.03
17314,United Kingdom,678,4904.43,66.66,0.03
16255,United Kingdom,679,4904.25,66.69,0.03
17406,United Kingdom,680,4889.05,66.72,0.03
16986,United Kingdom,681,4888.75,66.75,0.03
13021,United Kingdom,682,4887.24,66.77,0.03
13659,United Kingdom,683,4884.68,66.8,0.03
17596,United Kingdom,684,4882.43,66.83,0.03
16686,United Kingdom,685,4881.07,66.86,0.03
15379,United Kingdom,686,4877.84,66.88,0.03
14107,United Kingdom,687,4877.3,66.91,0.03
12688,Israel,688,4873.81,66.94,0.03
17449,United Kingdom,689,4868.15,66.97,0.03
17652,United Kingdom,690,4867.72,66.99,0.03
14032,United Kingdom,691,4850.27,67.02,0.03
13044,United Kingdom,692,4848.05,67.05,0.03
13562,United Kingdom,693,4838.18,67.08,0.03
12449,Denmark,694,4835.89,67.1,0.03
17191,United Kingdom,695,4820.45,67.13,0.03
14191,United Kingdom,696,4817.66,67.16,0.03
13875,United Kingdom,697,4814.37,67.19,0.03
15187,United Kingdom,698,4777.18,67.21,0.03
15002,United Kingdom,699,4769.73,67.24,0.03
13988,United Kingdom,700,4757.8,67.27,0.03
12955,United Kingdom,701,4757.16,67.29,0.03
17829,United Arab Emirates,702,4756.74,67.32,0.03
17082,United Kingdom,703,4732.03,67.35,0.03
16326,United Kingdom,704,4721.25,67.37,0.03
14235,United Kingdom,705,4717.99,67.4,0.03
13958,United Kingdom,706,4709.23,67.43,0.03
12589,France,707,4695.66,67.45,0.03
15410,United Kingdom,708,4685.72,67.48,0.03
16858,United Kingdom,709,4668.28,67.51,0.03
13971,United Kingdom,710,4667.57,67.53,0.03
16293,United Kingdom,711,4657.95,67.56,0.03
15123,United Kingdom,712,4656.17,67.59,0.03
15484,United Kingdom,713,4652.1,67.61,0.03
17050,United Kingdom,714,4648.59,67.64,0.03
14466,United Kingdom,715,4646.9,67.66,0.03
12578,Italy,716,4642.45,67.69,0.03
13124,United Kingdom,717,4641.66,67.72,0.03
15271,United Kingdom,718,4640.29,67.74,0.03
18097,United Kingdom,719,4627.92,67.77,0.03
17400,United Kingdom,720,4623.28,67.8,0.03
17442,United Kingdom,721,4620.3,67.82,0.03
12782,Portugal,722,4618.24,67.85,0.03
14441,United Kingdom,723,4611.69,67.87,0.03
15245,United Kingdom,724,4610.84,67.9,0.03
12553,France,725,4608.75,67.93,0.03
13851,United Kingdom,726,4606.46,67.95,0.03
18257,United Kingdom,727,4600.15,67.98,0.03
17188,United Kingdom,728,4592.93,68.0,0.03
16125,United Kingdom,729,4581.7,68.03,0.03
17508,Greece,730,4579.23,68.06,0.03
15416,United Kingdom,731,4572.82,68.08,0.03
13491,United Kingdom,732,4566.56,68.11,0.03
13510,United Kingdom,733,4558.29,68.13,0.03
15365,United Kingdom,734,4557.13,68.16,0.03
17613,United Kingdom,735,4544.55,68.18,0.03
13527,United Kingdom,736,4541.29,68.21,0.03
13571,United Kingdom,737,4537.26,68.24,0.03
14685,United Kingdom,738,4536.64,68.26,0.03
12598,France,739,4534.09,68.29,0.03
14001,United Kingdom,740,4530.09,68.31,0.03
14290,United Kingdom,741,4516.56,68.34,0.03
17308,United Kingdom,742,4511.76,68.36,0.03
15680,United Kingdom,743,4507.58,68.39,0.03
15764,United Kingdom,744,4503.08,68.42,0.03
14625,United Kingdom,745,4497.88,68.44,0.03
15122,United Kingdom,746,4487.27,68.47,0.03
14701,United Kingdom,747,4487.11,68.49,0.03
18064,United Kingdom,748,4481.83,68.52,0.03
12916,United Kingdom,749,4479.73,68.54,0.03
12627,Germany,750,4478.53,68.57,0.03
14648,United Kingdom,751,4466.65,68.59,0.03
18069,United Kingdom,752,4464.92,68.62,0.03
16912,United Kingdom,753,4460.51,68.64,0.03
15240,United Kingdom,754,4459.98,68.67,0.03
17220,United Kingdom,755,4457.31,68.69,0.03
17682,United Kingdom,756,4456.78,68.72,0.03
18093,United Kingdom,757,4452.71,68.74,0.03
14341,United Kingdom,758,4452.02,68.77,0.03
17754,United Kingdom,759,4451.22,68.79,0.03
13435,United Kingdom,760,4447.33,68.82,0.03
16098,United Kingdom,761,4441.3,68.84,0.03
16218,United Kingdom,762,4439.97,68.87,0.03
16081,United Kingdom,763,4436.56,68.89,0.03
17722,United Kingdom,764,4430.36,68.92,0.03
12349,Italy,765,4428.69,68.94,0.03
15845,United Kingdom,766,4426.28,68.97,0.03
17412,United Kingdom,767,4417.52,68.99,0.02
17138,United Kingdom,768,4417.27,69.02,0.02
16626,United Kingdom,769,4413.1,69.04,0.02
16563,United Kingdom,770,4412.56,69.07,0.02
14211,United Kingdom,771,4402.29,69.09,0.02
15203,United Kingdom,772,4400.18,69.12,0.02
16150,United Kingdom,773,4395.59,69.14,0.02
13505,Switzerland,774,4393.63,69.17,0.02
13880,United Kingdom,775,4391.66,69.19,0.02
16732,United Kingdom,776,4387.64,69.22,0.02
18272,United Kingdom,777,4385.98,69.24,0.02
13982,United Kingdom,778,4382.89,69.27,0.02
14514,United Kingdom,779,4380.04,69.29,0.02
16455,United Kingdom,780,4376.87,69.32,0.02
16118,United Kingdom,781,4376.25,69.34,0.02
15861,United Kingdom,782,4369.2,69.37,0.02
13297,United Kingdom,783,4368.62,69.39,0.02
12752,Norway,784,4366.78,69.42,0.02
12917,United Kingdom,785,4359.2,69.44,0.02
12523,France,786,4352.35,69.47,0.02
16283,United Kingdom,787,4350.32,69.49,0.02
17372,United Kingdom,788,4347.31,69.51,0.02
12408,Belgium,789,4340.77,69.54,0.02
15633,United Kingdom,790,4335.96,69.56,0.02
16477,United Kingdom,791,4320.02,69.59,0.02
14334,United Kingdom,792,4318.48,69.61,0.02
18259,United Kingdom,793,4318.2,69.64,0.02
12370,Austria,794,4316.56,69.66,0.02
12967,United Kingdom,795,4306.92,69.69,0.02
14482,United Kingdom,796,4306.72,69.71,0.02
12928,United Kingdom,797,4304.89,69.73,0.02
14854,United Kingdom,798,4303.06,69.76,0.02
17937,United Kingdom,799,4301.22,69.78,0.02
18230,United Kingdom,800,4291.06,69.81,0.02
18077,United Kingdom,801,4283.66,69.83,0.02
17930,United Kingdom,802,4275.22,69.86,0.02
16241,United Kingdom,803,4270.51,69.88,0.02
14239,United Kingdom,804,4263.17,69.9,0.02
14047,United Kingdom,805,4255.03,69.93,0.02
12360,Austria,806,4252.89,69.95,0.02
16571,United Kingdom,807,4248.74,69.98,0.02
12935,United Kingdom,808,4243.86,70.0,0.02
17728,United Kingdom,809,4238.76,70.02,0.02
13911,United Kingdom,810,4234.99,70.05,0.02
16875,United Kingdom,811,4234.53,70.07,0.02
16712,United Kingdom,812,4232.87,70.1,0.02
16743,United Kingdom,813,4212.15,70.12,0.02
15804,United Kingdom,814,4206.39,70.14,0.02
15708,United Kingdom,815,4204.44,70.17,0.02
18079,United Kingdom,816,4203.93,70.19,0.02
15518,United Kingdom,817,4189.99,70.22,0.02
15752,United Kingdom,818,4184.56,70.24,0.02
14868,United Kingdom,819,4184.01,70.26,0.02
17738,United Kingdom,820,4183.56,70.29,0.02
18287,United Kingdom,821,4182.99,70.31,0.02
16072,United Kingdom,822,4180.09,70.33,0.02
17218,United Kingdom,823,4178.93,70.36,0.02
17673,United Kingdom,824,4173.88,70.38,0.02
17526,United Kingdom,825,4166.04,70.4,0.02
18194,United Kingdom,826,4162.04,70.43,0.02
14740,United Kingdom,827,4161.06,70.45,0.02
12653,Israel,828,4160.83,70.47,0.02
13461,United Kingdom,829,4160.0,70.5,0.02
16749,United Kingdom,830,4157.88,70.52,0.02
17646,United Kingdom,831,4149.79,70.55,0.02
16209,United Kingdom,832,4146.78,70.57,0.02
12569,Germany,833,4124.69,70.59,0.02
15493,United Kingdom,834,4121.68,70.62,0.02
13450,United Kingdom,835,4120.04,70.64,0.02
14408,United Kingdom,836,4102.27,70.66,0.02
14566,Channel Islands,837,4092.0,70.68,0.02
15050,United Kingdom,838,4087.19,70.71,0.02
12876,Belgium,839,4081.79,70.73,0.02
14878,United Kingdom,840,4076.5,70.75,0.02
14913,United Kingdom,841,4073.13,70.78,0.02
12371,Switzerland,842,4067.38,70.8,0.02
13421,United Kingdom,843,4058.75,70.82,0.02
14025,United Kingdom,844,4057.9,70.85,0.02
15024,United Kingdom,845,4050.61,70.87,0.02
17083,United Kingdom,846,4049.79,70.89,0.02
17287,United Kingdom,847,4049.56,70.91,0.02
13048,United Kingdom,848,4049.13,70.94,0.02
17211,United Kingdom,849,4046.65,70.96,0.02
12840,United Kingdom,850,4041.97,70.98,0.02
14824,United Kingdom,851,4022.91,71.01,0.02
12726,France,852,4014.6,71.03,0.02
15782,United Kingdom,853,4014.1,71.05,0.02
16928,United Kingdom,854,4013.78,71.07,0.02
12721,France,855,4013.08,71.1,0.02
13895,United Kingdom,856,4008.52,71.12,0.02
16841,United Kingdom,857,4006.06,71.14,0.02
17618,United Kingdom,858,4001.64,71.16,0.02
17307,United Kingdom,859,3999.89,71.19,0.02
13126,United Kingdom,860,3998.25,71.21,0.02
15665,United Kingdom,861,3987.07,71.23,0.02
14547,United Kingdom,862,3974.75,71.26,0.02
15572,United Kingdom,863,3965.2,71.28,0.02
17019,United Kingdom,864,3961.11,71.3,0.02
14817,United Kingdom,865,3959.86,71.32,0.02
13542,United Kingdom,866,3959.49,71.34,0.02
16791,United Kingdom,867,3957.63,71.37,0.02
17667,United Kingdom,868,3950.7,71.39,0.02
16771,United Kingdom,869,3949.6,71.41,0.02
16719,United Kingdom,870,3944.35,71.43,0.02
15858,United Kingdom,871,3936.34,71.46,0.02
15819,United Kingdom,872,3934.79,71.48,0.02
17954,United Kingdom,873,3933.06,71.5,0.02
12473,Germany,874,3928.05,71.52,0.02
15051,United Kingdom,875,3926.91,71.55,0.02
14465,United Kingdom,876,3925.85,71.57,0.02
15983,United Kingdom,877,3924.02,71.59,0.02
13037,United Kingdom,878,3914.95,71.61,0.02
12853,United Kingdom,879,3907.5,71.63,0.02
13995,United Kingdom,880,3902.01,71.66,0.02
12388,Australia,881,3901.11,71.68,0.02
14498,United Kingdom,882,3900.83,71.7,0.02
15823,United Kingdom,883,3897.17,71.72,0.02
15571,United Kingdom,884,3892.35,71.74,0.02
12358,Austria,885,3887.07,71.77,0.02
14744,United Kingdom,886,3885.08,71.79,0.02
13446,United Kingdom,887,3881.89,71.81,0.02
15696,United Kingdom,888,3881.22,71.83,0.02
15288,United Kingdom,889,3881.03,71.85,0.02
14655,United Kingdom,890,3878.51,71.88,0.02
15067,United Kingdom,891,3862.88,71.9,0.02
15195,United Kingdom,892,3861.0,71.92,0.02
18073,United Kingdom,893,3859.82,71.94,0.02
14565,United Kingdom,894,3859.22,71.96,0.02
16440,United Kingdom,895,3856.97,71.98,0.02
16057,United Kingdom,896,3854.85,72.01,0.02
13213,United Kingdom,897,3851.52,72.03,0.02
16341,United Kingdom,898,3850.79,72.05,0.02
14532,United Kingdom,899,3845.78,72.07,0.02
17659,United Kingdom,900,3834.79,72.09,0.02
13481,United Kingdom,901,3830.84,72.12,0.02
12597,Spain,902,3811.22,72.14,0.02
13357,United Kingdom,903,3805.51,72.16,0.02
15421,United Kingdom,904,3805.34,72.18,0.02
16636,United Kingdom,905,3802.04,72.2,0.02
16128,United Kingdom,906,3801.05,72.22,0.02
15827,United Kingdom,907,3794.07,72.24,0.02
17071,United Kingdom,908,3793.71,72.27,0.02
12619,Germany,909,3781.38,72.29,0.02
14309,United Kingdom,910,3780.81,72.31,0.02
15811,United Kingdom,911,3776.0,72.33,0.02
15079,United Kingdom,912,3767.35,72.35,0.02
16466,United Kingdom,913,3767.09,72.37,0.02
17173,United Kingdom,914,3766.6,72.39,0.02
15834,United Kingdom,915,3764.39,72.42,0.02
12670,France,916,3760.29,72.44,0.02
12530,Germany,917,3759.26,72.46,0.02
17553,United Kingdom,918,3757.6,72.48,0.02
14409,United Kingdom,919,3756.09,72.5,0.02
13305,United Kingdom,920,3752.61,72.52,0.02
17293,United Kingdom,921,3750.63,72.54,0.02
12623,Germany,922,3747.84,72.56,0.02
15370,United Kingdom,923,3739.01,72.58,0.02
15532,United Kingdom,924,3738.85,72.61,0.02
15704,United Kingdom,925,3734.66,72.63,0.02
16539,United Kingdom,926,3732.01,72.65,0.02
14515,United Kingdom,927,3724.06,72.67,0.02
12502,Spain,928,3723.87,72.69,0.02
16240,United Kingdom,929,3718.8,72.71,0.02
14364,United Kingdom,930,3717.35,72.73,0.02
16950,United Kingdom,931,3713.77,72.75,0.02
12737,France,932,3710.5,72.77,0.02
14540,United Kingdom,933,3709.64,72.8,0.02
14776,United Kingdom,934,3708.3,72.82,0.02
15255,United Kingdom,935,3706.02,72.84,0.02
15351,United Kingdom,936,3704.89,72.86,0.02
15494,United Kingdom,937,3702.6,72.88,0.02
18168,United Kingdom,938,3698.8,72.9,0.02
16772,United Kingdom,939,3698.05,72.92,0.02
17096,United Kingdom,940,3697.93,72.94,0.02
16094,United Kingdom,941,3695.56,72.96,0.02
12857,United Kingdom,942,3688.0,72.98,0.02
12468,Germany,943,3670.74,73.0,0.02
14593,United Kingdom,944,3665.53,73.03,0.02
12872,United Kingdom,945,3662.49,73.05,0.02
16983,United Kingdom,946,3654.02,73.07,0.02
17655,United Kingdom,947,3652.48,73.09,0.02
14857,United Kingdom,948,3651.85,73.11,0.02
14649,United Kingdom,949,3651.19,73.13,0.02
14640,United Kingdom,950,3649.36,73.15,0.02
15953,United Kingdom,951,3648.08,73.17,0.02
13632,United Kingdom,952,3645.81,73.19,0.02
17063,United Kingdom,953,3638.53,73.21,0.02
14770,United Kingdom,954,3637.64,73.23,0.02
16748,United Kingdom,955,3637.33,73.25,0.02
16053,United Kingdom,956,3634.84,73.27,0.02
17528,United Kingdom,957,3628.5,73.29,0.02
16444,United Kingdom,958,3625.88,73.31,0.02
16503,United Kingdom,959,3614.34,73.33,0.02
16718,United Kingdom,960,3612.13,73.35,0.02
15505,United Kingdom,961,3610.96,73.37,0.02
15791,United Kingdom,962,3608.34,73.4,0.02
18242,United Kingdom,963,3605.21,73.42,0.02
13750,United Kingdom,964,3602.18,73.44,0.02
12963,United Kingdom,965,3601.59,73.46,0.02
16325,United Kingdom,966,3597.5,73.48,0.02
17422,United Kingdom,967,3594.76,73.5,0.02
14653,United Kingdom,968,3593.06,73.52,0.02
14132,United Kingdom,969,3586.03,73.54,0.02
15569,United Kingdom,970,3583.45,73.56,0.02
17679,United Kingdom,971,3577.61,73.58,0.02
17311,United Kingdom,972,3566.56,73.6,0.02
18219,United Kingdom,973,3562.89,73.62,0.02
17848,United Kingdom,974,3559.11,73.64,0.02
14737,United Kingdom,975,3554.17,73.66,0.02
15222,United Kingdom,976,3550.91,73.68,0.02
14882,United Kingdom,977,3546.65,73.7,0.02
14503,United Kingdom,978,3543.26,73.72,0.02
12645,Germany,979,3539.3,73.74,0.02
17924,United Kingdom,980,3536.7,73.76,0.02
16395,United Kingdom,981,3518.41,73.78,0.02
16336,United Kingdom,982,3517.69,73.8,0.02
15113,United Kingdom,983,3509.43,73.82,0.02
18044,United Kingdom,984,3505.61,73.84,0.02
14934,Channel Islands,985,3503.5,73.86,0.02
13929,United Kingdom,986,3494.1,73.88,0.02
15059,United Kingdom,987,3491.2,73.9,0.02
13577,United Kingdom,988,3489.28,73.92,0.02
15306,United Kingdom,989,3484.73,73.94,0.02
17597,United Kingdom,990,3484.09,73.96,0.02
12631,Finland,991,3481.57,73.98,0.02
15380,United Kingdom,992,3479.06,74.0,0.02
15712,United Kingdom,993,3472.41,74.02,0.02
13849,United Kingdom,994,3469.3,74.04,0.02
14533,United Kingdom,995,3466.37,74.05,0.02
14898,United Kingdom,996,3464.45,74.07,0.02
14837,United Kingdom,997,3460.32,74.09,0.02
16360,United Kingdom,998,3450.41,74.11,0.02
13313,United Kingdom,999,3445.32,74.13,0.02
13536,United Kingdom,1000,3444.39,74.15,0.02
16347,United Kingdom,1001,3442.96,74.17,0.02
15974,United Kingdom,1002,3442.15,74.19,0.02
16208,United Kingdom,1003,3440.45,74.21,0.02
17725,United Kingdom,1004,3439.08,74.23,0.02
12609,Germany,1005,3435.86,74.25,0.02
15676,United Kingdom,1006,3435.76,74.27,0.02
16045,United Kingdom,1007,3434.93,74.29,0.02
17913,United Kingdom,1008,3429.29,74.31,0.02
12377,Switzerland,1009,3426.32,74.33,0.02
16281,United Kingdom,1010,3424.02,74.35,0.02
17876,United Kingdom,1011,3424.02,74.37,0.02
15373,United Kingdom,1012,3418.84,74.39,0.02
14217,United Kingdom,1013,3416.89,74.4,0.02
14215,United Kingdom,1014,3416.33,74.42,0.02
14673,United Kingdom,1015,3410.81,74.44,0.02
13437,United Kingdom,1016,3408.06,74.46,0.02
13823,United Kingdom,1017,3403.45,74.48,0.02
17931,United Kingdom,1018,3402.24,74.5,0.02
15114,United Kingdom,1019,3400.12,74.52,0.02
16271,United Kingdom,1020,3397.82,74.54,0.02
13425,United Kingdom,1021,3390.43,74.56,0.02
15058,United Kingdom,1022,3387.58,74.58,0.02
15356,United Kingdom,1023,3382.69,74.6,0.02
13979,United Kingdom,1024,3379.93,74.62,0.02
17723,United Kingdom,1025,3378.4,74.64,0.02
15916,United Kingdom,1026,3377.69,74.65,0.02
13135,United Kingdom,1027,3371.45,74.67,0.02
12838,United Kingdom,1028,3366.7,74.69,0.02
13707,United Kingdom,1029,3365.86,74.71,0.02
13285,United Kingdom,1030,3364.59,74.73,0.02
15538,United Kingdom,1031,3358.4,74.75,0.02
13786,United Kingdom,1032,3358.39,74.77,0.02
14608,United Kingdom,1033,3352.94,74.79,0.02
13246,United Kingdom,1034,3351.75,74.81,0.02
16818,United Kingdom,1035,3349.57,74.83,0.02
17183,United Kingdom,1036,3347.31,74.84,0.02
15265,United Kingdom,1037,3345.64,74.86,0.02
12424,Australia,1038,3340.03,74.88,0.02
13848,United Kingdom,1039,3335.0,74.9,0.02
14344,United Kingdom,1040,3333.7,74.92,0.02
16351,United Kingdom,1041,3330.03,74.94,0.02
15065,United Kingdom,1042,3326.86,74.96,0.02
12865,Austria,1043,3323.47,74.98,0.02
13431,United Kingdom,1044,3316.24,75.0,0.02
13824,United Kingdom,1045,3314.76,75.01,0.02
13131,United Kingdom,1046,3313.77,75.03,0.02
16365,United Kingdom,1047,3307.2,75.05,0.02
13611,United Kingdom,1048,3297.93,75.07,0.02
13031,United Kingdom,1049,3292.84,75.09,0.02
17768,United Kingdom,1050,3292.73,75.11,0.02
13650,United Kingdom,1051,3288.0,75.13,0.02
15632,United Kingdom,1052,3285.31,75.14,0.02
14285,United Kingdom,1053,3284.42,75.16,0.02
18188,United Kingdom,1054,3280.59,75.18,0.02
14161,United Kingdom,1055,3280.08,75.2,0.02
15978,United Kingdom,1056,3279.42,75.22,0.02
17774,United Kingdom,1057,3273.83,75.24,0.02
13291,United Kingdom,1058,3270.79,75.26,0.02
16067,United Kingdom,1059,3269.11,75.27,0.02
14293,United Kingdom,1060,3267.93,75.29,0.02
13214,United Kingdom,1061,3264.23,75.31,0.02
14064,United Kingdom,1062,3260.24,75.33,0.02
14451,United Kingdom,1063,3258.68,75.35,0.02
15057,United Kingdom,1064,3255.96,75.37,0.02
12770,Japan,1065,3246.45,75.38,0.02
16612,United Kingdom,1066,3245.43,75.4,0.02
15140,United Kingdom,1067,3243.69,75.42,0.02
17353,United Kingdom,1068,3242.0,75.44,0.02
15625,United Kingdom,1069,3236.4,75.46,0.02
15602,United Kingdom,1070,3230.51,75.48,0.02
16101,United Kingdom,1071,3229.16,75.49,0.02
14506,United Kingdom,1072,3217.25,75.51,0.02
14669,United Kingdom,1073,3216.78,75.53,0.02
14507,United Kingdom,1074,3216.74,75.55,0.02
12951,United Kingdom,1075,3213.72,75.57,0.02
16918,United Kingdom,1076,3206.54,75.59,0.02
16107,United Kingdom,1077,3204.16,75.6,0.02
17147,United Kingdom,1078,3199.95,75.62,0.02
14315,United Kingdom,1079,3197.82,75.64,0.02
15027,United Kingdom,1080,3195.6,75.66,0.02
13868,United Kingdom,1081,3192.54,75.68,0.02
13397,United Kingdom,1082,3191.87,75.69,0.02
12456,Switzerland,1083,3181.04,75.71,0.02
16515,United Kingdom,1084,3179.06,75.73,0.02
17228,United Kingdom,1085,3175.98,75.75,0.02
17621,United Kingdom,1086,3175.12,75.77,0.02
13268,United Kingdom,1087,3174.75,75.78,0.02
16059,United Kingdom,1088,3171.82,75.8,0.02
16837,United Kingdom,1089,3170.98,75.82,0.02
17640,United Kingdom,1090,3168.94,75.84,0.02
16041,United Kingdom,1091,3166.4,75.86,0.02
13804,United Kingdom,1092,3161.12,75.87,0.02
12976,United Kingdom,1093,3156.38,75.89,0.02
16584,United Kingdom,1094,3156.17,75.91,0.02
14748,United Kingdom,1095,3152.32,75.93,0.02
14306,United Kingdom,1096,3151.4,75.94,0.02
15614,United Kingdom,1097,3147.36,75.96,0.02
17702,United Kingdom,1098,3144.04,75.98,0.02
15095,United Kingdom,1099,3141.64,76.0,0.02
14897,United Kingdom,1100,3140.54,76.02,0.02
17354,United Kingdom,1101,3133.96,76.03,0.02
15596,United Kingdom,1102,3130.04,76.05,0.02
14963,United Kingdom,1103,3123.57,76.07,0.02
15199,United Kingdom,1104,3122.4,76.09,0.02
17145,United Kingdom,1105,3120.91,76.1,0.02
13685,United Kingdom,1106,3119.44,76.12,0.02
13052,United Kingdom,1107,3119.33,76.14,0.02
13692,United Kingdom,1108,3114.4,76.16,0.02
14978,United Kingdom,1109,3112.19,76.17,0.02
16678,United Kingdom,1110,3109.99,76.19,0.02
13742,United Kingdom,1111,3107.87,76.21,0.02
15353,United Kingdom,1112,3106.12,76.23,0.02
12909,United Kingdom,1113,3103.19,76.24,0.02
13538,United Kingdom,1114,3103.13,76.26,0.02
15031,United Kingdom,1115,3102.94,76.28,0.02
15491,United Kingdom,1116,3100.09,76.3,0.02
13772,United Kingdom,1117,3100.02,76.31,0.02
16933,United Kingdom,1118,3099.3,76.33,0.02
13464,United Kingdom,1119,3097.64,76.35,0.02
12937,United Kingdom,1120,3097.61,76.37,0.02
15105,United Kingdom,1121,3094.91,76.38,0.02
17530,United Kingdom,1122,3092.33,76.4,0.02
14312,United Kingdom,1123,3090.29,76.42,0.02
17552,United Kingdom,1124,3085.29,76.44,0.02
12511,Greece,1125,3084.02,76.45,0.02
17929,United Kingdom,1126,3082.1,76.47,0.02
17090,United Kingdom,1127,3080.18,76.49,0.02
17870,United Kingdom,1128,3079.69,76.51,0.02
14044,United Kingdom,1129,3077.7,76.52,0.02
14700,United Kingdom,1130,3076.06,76.54,0.02
12469,Thailand,1131,3070.54,76.56,0.02
13631,United Kingdom,1132,3070.42,76.58,0.02
14038,United Kingdom,1133,3069.88,76.59,0.02
13196,United Kingdom,1134,3068.84,76.61,0.02
16400,United Kingdom,1135,3059.85,76.63,0.02
13077,United Kingdom,1136,3054.37,76.65,0.02
16007,United Kingdom,1137,3053.06,76.66,0.02
16775,United Kingdom,1138,3052.74,76.68,0.02
15241,United Kingdom,1139,3050.16,76.7,0.02
16560,United Kingdom,1140,3048.38,76.71,0.02
14916,United Kingdom,1141,3042.95,76.73,0.02
12849,United Kingdom,1142,3042.47,76.75,0.02
13647,United Kingdom,1143,3041.68,76.77,0.02
15754,United Kingdom,1144,3037.61,76.78,0.02
13557,United Kingdom,1145,3032.26,76.8,0.02
17884,United Kingdom,1146,3020.99,76.82,0.02
13485,United Kingdom,1147,3019.22,76.83,0.02
14456,United Kingdom,1148,3017.28,76.85,0.02
15716,United Kingdom,1149,3014.66,76.87,0.02
13963,United Kingdom,1150,3011.87,76.89,0.02
12754,Japan,1151,3010.74,76.9,0.02
14621,United Kingdom,1152,3000.57,76.92,0.02
13635,United Kingdom,1153,2999.16,76.94,0.02
15810,United Kingdom,1154,2999.04,76.95,0.02
15182,United Kingdom,1155,2998.95,76.97,0.02
15611,United Kingdom,1156,2997.28,76.99,0.02
12457,Switzerland,1157,2995.91,77.0,0.02
17961,United Kingdom,1158,2994.29,77.02,0.02
14590,United Kingdom,1159,2993.37,77.04,0.02
15687,United Kingdom,1160,2993.1,77.06,0.02
15681,United Kingdom,1161,2989.7,77.07,0.02
12374,Austria,1162,2989.22,77.09,0.02
18241,United Kingdom,1163,2986.99,77.11,0.02
14226,United Kingdom,1164,2985.13,77.12,0.02
17032,United Kingdom,1165,2984.32,77.14,0.02
16012,United Kingdom,1166,2978.59,77.16,0.02
17692,United Kingdom,1167,2975.8,77.17,0.02
12854,United Kingdom,1168,2970.97,77.19,0.02
16120,United Kingdom,1169,2967.51,77.21,0.02
15967,United Kingdom,1170,2966.0,77.22,0.02
15329,United Kingdom,1171,2958.83,77.24,0.02
16416,United Kingdom,1172,2957.88,77.26,0.02
13012,United Kingdom,1173,2957.83,77.27,0.02
13110,United Kingdom,1174,2957.47,77.29,0.02
16736,United Kingdom,1175,2956.56,77.31,0.02
12826,United Kingdom,1176,2955.75,77.32,0.02
14867,United Kingdom,1177,2952.06,77.34,0.02
13253,United Kingdom,1178,2951.11,77.36,0.02
12877,United Kingdom,1179,2942.14,77.37,0.02
15757,United Kingdom,1180,2940.36,77.39,0.02
17444,Canada,1181,2940.04,77.41,0.02
17588,United Kingdom,1182,2939.55,77.42,0.02
14544,United Kingdom,1183,2938.53,77.44,0.02
15235,United Kingdom,1184,2937.81,77.46,0.02
12635,Germany,1185,2930.41,77.47,0.02
15312,United Kingdom,1186,2930.19,77.49,0.02
15965,United Kingdom,1187,2928.13,77.51,0.02
13890,United Kingdom,1188,2927.38,77.52,0.02
12906,United Kingdom,1189,2919.81,77.54,0.02
16358,United Kingdom,1190,2919.65,77.56,0.02
13764,United Kingdom,1191,2919.62,77.57,0.02
15392,United Kingdom,1192,2911.62,77.59,0.02
13784,United Kingdom,1193,2910.23,77.61,0.02
14524,United Kingdom,1194,2909.86,77.62,0.02
12438,Norway,1195,2906.85,77.64,0.02
13455,United Kingdom,1196,2905.93,77.66,0.02
14233,United Kingdom,1197,2904.27,77.67,0.02
16383,United Kingdom,1198,2896.69,77.69,0.02
17320,United Kingdom,1199,2895.77,77.7,0.02
15100,United Kingdom,1200,2894.7,77.72,0.02
17242,United Kingdom,1201,2889.28,77.74,0.02
13501,Switzerland,1202,2885.11,77.75,0.02
16633,United Kingdom,1203,2883.1,77.77,0.02
14251,United Kingdom,1204,2879.7,77.79,0.02
12806,Netherlands,1205,2878.96,77.8,0.02
18170,United Kingdom,1206,2878.0,77.82,0.02
14005,United Kingdom,1207,2874.72,77.84,0.02
15043,United Kingdom,1208,2870.32,77.85,0.02
16467,United Kingdom,1209,2869.16,77.87,0.02
16711,United Kingdom,1210,2868.48,77.88,0.02
16229,United Kingdom,1211,2867.86,77.9,0.02
15862,United Kingdom,1212,2866.52,77.92,0.02
16086,United Kingdom,1213,2864.99,77.93,0.02
14758,United Kingdom,1214,2864.97,77.95,0.02
16755,United Kingdom,1215,2864.68,77.96,0.02
16062,United Kingdom,1216,2863.45,77.98,0.02
12685,France,1217,2863.08,78.0,0.02
14875,United Kingdom,1218,2862.4,78.01,0.02
16979,United Kingdom,1219,2859.74,78.03,0.02
15563,United Kingdom,1220,2859.46,78.05,0.02
16225,United Kingdom,1221,2859.31,78.06,0.02
13728,United Kingdom,1222,2855.17,78.08,0.02
14404,United Kingdom,1223,2853.36,78.09,0.02
12352,Norway,1224,2849.84,78.11,0.02
14935,Channel Islands,1225,2849.83,78.13,0.02
16163,United Kingdom,1226,2849.58,78.14,0.02
12676,Sweden,1227,2843.09,78.16,0.02
16554,United Kingdom,1228,2841.72,78.17,0.02
14711,United Kingdom,1229,2839.62,78.19,0.02
14842,United Kingdom,1230,2824.69,78.21,0.02
15797,United Kingdom,1231,2821.08,78.22,0.02
13477,United Kingdom,1232,2819.17,78.24,0.02
13032,United Kingdom,1233,2815.96,78.25,0.02
15660,United Kingdom,1234,2812.99,78.27,0.02
17386,United Kingdom,1235,2812.77,78.29,0.02
16871,United Kingdom,1236,2812.34,78.3,0.02
16817,United Kingdom,1237,2804.9,78.32,0.02
17470,United Kingdom,1238,2804.87,78.33,0.02
13799,United Kingdom,1239,2803.57,78.35,0.02
13205,United Kingdom,1240,2803.2,78.37,0.02
16742,United Kingdom,1241,2799.87,78.38,0.02
13330,United Kingdom,1242,2796.1,78.4,0.02
14903,United Kingdom,1243,2795.33,78.41,0.02
14035,United Kingdom,1244,2794.75,78.43,0.02
12863,United Kingdom,1245,2792.55,78.44,0.02
16764,United Kingdom,1246,2790.95,78.46,0.02
17284,United Kingdom,1247,2788.06,78.48,0.02
15073,United Kingdom,1248,2788.02,78.49,0.02
13719,United Kingdom,1249,2783.08,78.51,0.02
14121,United Kingdom,1250,2780.15,78.52,0.02
17790,United Kingdom,1251,2779.41,78.54,0.02
14869,United Kingdom,1252,2778.14,78.55,0.02
15993,United Kingdom,1253,2777.67,78.57,0.02
16104,United Kingdom,1254,2774.46,78.59,0.02
17031,United Kingdom,1255,2773.85,78.6,0.02
13695,United Kingdom,1256,2770.73,78.62,0.02
17720,United Kingdom,1257,2768.91,78.63,0.02
18210,United Kingdom,1258,2768.83,78.65,0.02
14696,United Kingdom,1259,2767.9,78.66,0.02
15817,United Kingdom,1260,2766.4,78.68,0.02
13813,Germany,1261,2765.47,78.7,0.02
16407,United Kingdom,1262,2761.65,78.71,0.02
17115,United Kingdom,1263,2761.49,78.73,0.02
17368,United Kingdom,1264,2758.29,78.74,0.02
17262,United Kingdom,1265,2757.62,78.76,0.02
16335,United Kingdom,1266,2753.52,78.77,0.02
13736,United Kingdom,1267,2752.47,78.79,0.02
17490,United Kingdom,1268,2750.5,78.8,0.02
14665,United Kingdom,1269,2749.65,78.82,0.02
17676,United Kingdom,1270,2749.34,78.84,0.02
12982,United Kingdom,1271,2744.81,78.85,0.02
12669,France,1272,2744.03,78.87,0.02
15841,United Kingdom,1273,2742.41,78.88,0.02
17241,United Kingdom,1274,2736.64,78.9,0.02
15389,United Kingdom,1275,2733.8,78.91,0.02
15111,United Kingdom,1276,2730.87,78.93,0.02
12986,United Kingdom,1277,2729.84,78.94,0.02
12739,United Arab Emirates,1278,2726.73,78.96,0.02
12391,Cyprus,1279,2724.84,78.98,0.02
17591,United Kingdom,1280,2723.62,78.99,0.02
16190,United Kingdom,1281,2723.55,79.01,0.02
14125,United Kingdom,1282,2720.63,79.02,0.02
14808,United Kingdom,1283,2718.6,79.04,0.02
15985,United Kingdom,1284,2715.28,79.05,0.02
16232,United Kingdom,1285,2712.97,79.07,0.02
15021,United Kingdom,1286,2698.68,79.08,0.02
16359,United Kingdom,1287,2697.75,79.1,0.02
18173,United Kingdom,1288,2696.36,79.11,0.02
12725,Italy,1289,2694.56,79.13,0.02
12820,United Kingdom,1290,2689.52,79.14,0.02
17388,United Kingdom,1291,2675.37,79.16,0.02
16434,United Kingdom,1292,2673.69,79.17,0.02
14496,United Kingdom,1293,2668.23,79.19,0.02
18283,United Kingdom,1294,2664.9,79.2,0.02
15910,United Kingdom,1295,2661.17,79.22,0.02
13473,United Kingdom,1296,2657.76,79.23,0.02
15671,United Kingdom,1297,2657.13,79.25,0.02
16369,United Kingdom,1298,2656.56,79.26,0.02
15157,United Kingdom,1299,2654.11,79.28,0.02
14756,United Kingdom,1300,2653.76,79.29,0.02
17744,United Kingdom,1301,2649.14,79.31,0.01
12516,Germany,1302,2648.62,79.32,0.01
13203,United Kingdom,1303,2648.25,79.34,0.01
16618,United Kingdom,1304,2647.59,79.35,0.01
13117,United Kingdom,1305,2643.81,79.37,0.01
13819,United Kingdom,1306,2642.35,79.38,0.01
15814,United Kingdom,1307,2634.44,79.4,0.01
12520,Germany,1308,2634.26,79.41,0.01
14410,United Kingdom,1309,2631.9,79.43,0.01
16276,United Kingdom,1310,2629.39,79.44,0.01
13422,United Kingdom,1311,2626.3,79.46,0.01
13644,United Kingdom,1312,2624.26,79.47,0.01
12671,Germany,1313,2622.48,79.49,0.01
12423,Denmark,1314,2622.39,79.5,0.01
15142,United Kingdom,1315,2619.92,79.52,0.01
13211,United Kingdom,1316,2618.77,79.53,0.01
14262,United Kingdom,1317,2618.23,79.55,0.01
14195,United Kingdom,1318,2615.6,79.56,0.01
14431,United Kingdom,1319,2614.2,79.58,0.01
14397,United Kingdom,1320,2612.96,79.59,0.01
14564,Channel Islands,1321,2605.62,79.61,0.01
17317,United Kingdom,1322,2600.34,79.62,0.01
15826,United Kingdom,1323,2598.28,79.64,0.01
13700,United Kingdom,1324,2596.97,79.65,0.01
12412,Denmark,1325,2596.93,79.67,0.01
14163,United Kingdom,1326,2594.62,79.68,0.01
14229,United Kingdom,1327,2594.04,79.69,0.01
17043,United Kingdom,1328,2593.65,79.71,0.01
14129,United Kingdom,1329,2591.34,79.72,0.01
14147,United Kingdom,1330,2590.2,79.74,0.01
16206,United Kingdom,1331,2589.87,79.75,0.01
15062,United Kingdom,1332,2585.62,79.77,0.01
12592,Germany,1333,2582.66,79.78,0.01
16244,United Kingdom,1334,2579.38,79.8,0.01
16499,United Kingdom,1335,2578.34,79.81,0.01
17095,United Kingdom,1336,2572.25,79.83,0.01
17002,United Kingdom,1337,2571.55,79.84,0.01
13652,United Kingdom,1338,2570.85,79.86,0.01
15434,United Kingdom,1339,2567.06,79.87,0.01
13173,United Kingdom,1340,2565.76,79.88,0.01
14573,United Kingdom,1341,2565.12,79.9,0.01
13192,United Kingdom,1342,2558.58,79.91,0.01
15033,United Kingdom,1343,2557.18,79.93,0.01
16036,United Kingdom,1344,2556.84,79.94,0.01
13862,United Kingdom,1345,2556.09,79.96,0.01
17787,United Kingdom,1346,2553.82,79.97,0.01
16115,United Kingdom,1347,2553.8,79.99,0.01
14745,United Kingdom,1348,2551.41,80.0,0.01
18179,United Kingdom,1349,2547.55,80.01,0.01
17465,United Kingdom,1350,2542.79,80.03,0.01
14548,United Kingdom,1351,2541.29,80.04,0.01
15426,United Kingdom,1352,2538.92,80.06,0.01
17463,United Kingdom,1353,2535.26,80.07,0.01
13623,United Kingdom,1354,2533.06,80.09,0.01
14810,United Kingdom,1355,2531.92,80.1,0.01
15906,United Kingdom,1356,2530.19,80.11,0.01
14659,United Kingdom,1357,2529.93,80.13,0.01
16889,United Kingdom,1358,2526.65,80.14,0.01
14790,United Kingdom,1359,2526.62,80.16,0.01
16987,United Kingdom,1360,2521.4,80.17,0.01
13344,United Kingdom,1361,2511.69,80.19,0.01
17897,United Kingdom,1362,2510.56,80.2,0.01
17101,United Kingdom,1363,2507.05,80.21,0.01
17550,United Kingdom,1364,2506.64,80.23,0.01
12978,United Kingdom,1365,2502.82,80.24,0.01
16202,United Kingdom,1366,2501.99,80.26,0.01
13471,United Kingdom,1367,2501.84,80.27,0.01
15747,United Kingdom,1368,2499.81,80.28,0.01
17594,United Kingdom,1369,2497.88,80.3,0.01
15932,United Kingdom,1370,2495.87,80.31,0.01
13414,United Kingdom,1371,2494.14,80.33,0.01
14541,United Kingdom,1372,2491.38,80.34,0.01
15227,United Kingdom,1373,2488.49,80.36,0.01
15117,United Kingdom,1374,2485.97,80.37,0.01
12517,Germany,1375,2481.6,80.38,0.01
13507,United Kingdom,1376,2479.16,80.4,0.01
13588,United Kingdom,1377,2478.95,80.41,0.01
16795,United Kingdom,1378,2477.29,80.43,0.01
13134,United Kingdom,1379,2475.23,80.44,0.01
16520,United Kingdom,1380,2474.14,80.45,0.01
13762,United Kingdom,1381,2472.48,80.47,0.01
17732,United Kingdom,1382,2470.39,80.48,0.01
12924,United Kingdom,1383,2469.4,80.5,0.01
14421,United Kingdom,1384,2469.37,80.51,0.01
17288,United Kingdom,1385,2468.43,80.52,0.01
17164,United Kingdom,1386,2467.35,80.54,0.01
15221,United Kingdom,1387,2465.45,80.55,0.01
13151,United Kingdom,1388,2465.21,80.57,0.01
15860,United Kingdom,1389,2463.96,80.58,0.01
17131,United Kingdom,1390,2463.17,80.59,0.01
14256,United Kingdom,1391,2460.79,80.61,0.01
17629,United Kingdom,1392,2455.52,80.62,0.01
16016,United Kingdom,1393,2446.42,80.63,0.01
12701,Germany,1394,2446.41,80.65,0.01
13338,United Kingdom,1395,2445.62,80.66,0.01
17348,United Kingdom,1396,2442.29,80.68,0.01
14449,United Kingdom,1397,2441.2,80.69,0.01
18171,United Kingdom,1398,2437.31,80.7,0.01
15623,United Kingdom,1399,2437.05,80.72,0.01
17505,United Kingdom,1400,2435.48,80.73,0.01
13085,United Kingdom,1401,2433.28,80.75,0.01
13094,United Kingdom,1402,2433.12,80.76,0.01
16638,United Kingdom,1403,2430.53,80.77,0.01
14502,United Kingdom,1404,2429.83,80.79,0.01
15077,United Kingdom,1405,2428.08,80.8,0.01
13949,United Kingdom,1406,2427.32,80.81,0.01
12733,USA,1407,2424.87,80.83,0.01
15658,United Kingdom,1408,2423.47,80.84,0.01
15215,United Kingdom,1409,2422.43,80.85,0.01
15089,United Kingdom,1410,2420.84,80.87,0.01
15489,United Kingdom,1411,2419.61,80.88,0.01
13878,United Kingdom,1412,2416.9,80.9,0.01
16040,United Kingdom,1413,2416.9,80.91,0.01
16470,United Kingdom,1414,2416.85,80.92,0.01
12802,Netherlands,1415,2416.42,80.94,0.01
13118,United Kingdom,1416,2415.41,80.95,0.01
14205,United Kingdom,1417,2414.2,80.96,0.01
17894,United Kingdom,1418,2411.35,80.98,0.01
12397,Belgium,1419,2409.9,80.99,0.01
16833,United Kingdom,1420,2409.04,81.01,0.01
17671,United Kingdom,1421,2403.34,81.02,0.01
15341,United Kingdom,1422,2402.72,81.03,0.01
15793,United Kingdom,1423,2399.57,81.05,0.01
12393,Australia,1424,2399.45,81.06,0.01
14414,United Kingdom,1425,2399.33,81.07,0.01
16147,United Kingdom,1426,2398.91,81.09,0.01
17921,United Kingdom,1427,2394.36,81.1,0.01
16812,United Kingdom,1428,2392.0,81.11,0.01
15366,United Kingdom,1429,2389.08,81.13,0.01
14443,United Kingdom,1430,2386.47,81.14,0.01
16105,United Kingdom,1431,2386.19,81.15,0.01
17905,United Kingdom,1432,2379.37,81.17,0.01
17827,United Kingdom,1433,2376.17,81.18,0.01
16883,United Kingdom,1434,2374.09,81.19,0.01
17434,United Kingdom,1435,2373.82,81.21,0.01
13908,United Kingdom,1436,2369.55,81.22,0.01
17623,United Kingdom,1437,2365.77,81.23,0.01
16005,United Kingdom,1438,2365.49,81.25,0.01
14295,United Kingdom,1439,2362.91,81.26,0.01
16676,United Kingdom,1440,2361.9,81.27,0.01
16065,United Kingdom,1441,2359.27,81.29,0.01
17634,United Kingdom,1442,2358.59,81.3,0.01
15015,United Kingdom,1443,2354.97,81.31,0.01
17969,United Kingdom,1444,2354.29,81.33,0.01
16083,United Kingdom,1445,2351.42,81.34,0.01
16085,United Kingdom,1446,2341.03,81.35,0.01
12704,Finland,1447,2340.84,81.37,0.01
12584,Italy,1448,2338.15,81.38,0.01
15549,United Kingdom,1449,2334.16,81.39,0.01
13614,United Kingdom,1450,2332.74,81.41,0.01
16496,United Kingdom,1451,2330.77,81.42,0.01
17313,United Kingdom,1452,2328.84,81.43,0.01
17004,United Kingdom,1453,2324.36,81.45,0.01
14938,Channel Islands,1454,2322.43,81.46,0.01
13091,United Kingdom,1455,2321.82,81.47,0.01
13055,United Kingdom,1456,2321.11,81.49,0.01
16628,United Kingdom,1457,2318.1,81.5,0.01
12724,France,1458,2317.52,81.51,0.01
12948,United Kingdom,1459,2317.43,81.53,0.01
14346,United Kingdom,1460,2315.75,81.54,0.01
17193,United Kingdom,1461,2310.04,81.55,0.01
17282,United Kingdom,1462,2308.54,81.56,0.01
13704,United Kingdom,1463,2308.06,81.58,0.01
17113,United Kingdom,1464,2305.59,81.59,0.01
15946,United Kingdom,1465,2304.18,81.6,0.01
14555,United Kingdom,1466,2304.03,81.62,0.01
18095,United Kingdom,1467,2303.09,81.63,0.01
16077,United Kingdom,1468,2300.4,81.64,0.01
16531,United Kingdom,1469,2298.33,81.66,0.01
17324,United Kingdom,1470,2298.12,81.67,0.01
13371,United Kingdom,1471,2297.66,81.68,0.01
12599,France,1472,2296.72,81.69,0.01
12649,Germany,1473,2294.65,81.71,0.01
13280,United Kingdom,1474,2293.33,81.72,0.01
13059,United Kingdom,1475,2291.77,81.73,0.01
17047,United Kingdom,1476,2289.23,81.75,0.01
17018,United Kingdom,1477,2287.7,81.76,0.01
16485,United Kingdom,1478,2287.19,81.77,0.01
14481,United Kingdom,1479,2284.69,81.79,0.01
12684,France,1480,2283.63,81.8,0.01
18051,United Kingdom,1481,2282.28,81.81,0.01
14901,United Kingdom,1482,2281.4,81.82,0.01
13655,United Kingdom,1483,2280.51,81.84,0.01
14554,United Kingdom,1484,2279.49,81.85,0.01
13994,United Kingdom,1485,2274.14,81.86,0.01
17994,United Kingdom,1486,2270.03,81.88,0.01
13748,United Kingdom,1487,2268.35,81.89,0.01
15638,United Kingdom,1488,2265.2,81.9,0.01
15734,United Kingdom,1489,2263.3,81.91,0.01
13814,Germany,1490,2257.32,81.93,0.01
16350,United Kingdom,1491,2253.89,81.94,0.01
17414,United Kingdom,1492,2249.52,81.95,0.01
14432,United Kingdom,1493,2248.5,81.97,0.01
14644,United Kingdom,1494,2247.72,81.98,0.01
16177,United Kingdom,1495,2247.31,81.99,0.01
12868,United Kingdom,1496,2247.06,82.0,0.01
16174,United Kingdom,1497,2246.75,82.02,0.01
13627,United Kingdom,1498,2245.9,82.03,0.01
16042,United Kingdom,1499,2245.32,82.04,0.01
13407,United Kingdom,1500,2244.7,82.05,0.01
16823,United Kingdom,1501,2243.09,82.07,0.01
14462,United Kingdom,1502,2242.81,82.08,0.01
15865,United Kingdom,1503,2241.42,82.09,0.01
15629,United Kingdom,1504,2240.9,82.1,0.01
16551,United Kingdom,1505,2237.12,82.12,0.01
17180,United Kingdom,1506,2236.77,82.13,0.01
17075,United Kingdom,1507,2236.63,82.14,0.01
16108,United Kingdom,1508,2235.92,82.16,0.01
16076,United Kingdom,1509,2234.73,82.17,0.01
13662,United Kingdom,1510,2233.61,82.18,0.01
18215,United Kingdom,1511,2232.49,82.19,0.01
17460,United Kingdom,1512,2228.27,82.21,0.01
12783,Portugal,1513,2225.91,82.22,0.01
13365,United Kingdom,1514,2225.37,82.23,0.01
14321,United Kingdom,1515,2218.06,82.24,0.01
17648,United Kingdom,1516,2216.37,82.26,0.01
18177,United Kingdom,1517,2216.32,82.27,0.01
13478,United Kingdom,1518,2215.78,82.28,0.01
14708,United Kingdom,1519,2212.28,82.29,0.01
13320,United Kingdom,1520,2211.6,82.31,0.01
15550,United Kingdom,1521,2211.05,82.32,0.01
15476,United Kingdom,1522,2209.98,82.33,0.01
14177,United Kingdom,1523,2209.69,82.34,0.01
14834,United Kingdom,1524,2206.16,82.36,0.01
14467,United Kingdom,1525,2203.24,82.37,0.01
13410,United Kingdom,1526,2201.96,82.38,0.01
14006,United Kingdom,1527,2196.67,82.39,0.01
16317,United Kingdom,1528,2192.51,82.41,0.01
15934,United Kingdom,1529,2190.66,82.42,0.01
14212,United Kingdom,1530,2190.14,82.43,0.01
16221,United Kingdom,1531,2186.66,82.44,0.01
14597,United Kingdom,1532,2184.63,82.46,0.01
15864,United Kingdom,1533,2180.76,82.47,0.01
12856,United Kingdom,1534,2170.78,82.48,0.01
15649,United Kingdom,1535,2170.35,82.49,0.01
12501,Germany,1536,2169.39,82.5,0.01
14595,United Kingdom,1537,2164.45,82.52,0.01
15944,United Kingdom,1538,2164.24,82.53,0.01
17822,United Kingdom,1539,2162.93,82.54,0.01
14407,United Kingdom,1540,2157.73,82.55,0.01
16379,United Kingdom,1541,2157.4,82.57,0.01
13643,United Kingdom,1542,2156.77,82.58,0.01
13224,United Kingdom,1543,2155.95,82.59,0.01
16966,United Kingdom,1544,2154.97,82.6,0.01
16600,United Kingdom,1545,2153.41,82.61,0.01
16275,United Kingdom,1546,2151.11,82.63,0.01
18239,United Kingdom,1547,2150.36,82.64,0.01
14216,United Kingdom,1548,2150.04,82.65,0.01
16716,United Kingdom,1549,2149.68,82.66,0.01
17272,United Kingdom,1550,2148.63,82.68,0.01
16004,United Kingdom,1551,2146.39,82.69,0.01
13152,United Kingdom,1552,2146.38,82.7,0.01
16134,United Kingdom,1553,2145.34,82.71,0.01
18009,United Kingdom,1554,2144.23,82.72,0.01
12576,Poland,1555,2142.72,82.74,0.01
13092,United Kingdom,1556,2140.28,82.75,0.01
12687,Sweden,1557,2138.91,82.76,0.01
17029,United Kingdom,1558,2137.3,82.77,0.01
17305,United Kingdom,1559,2135.46,82.78,0.01
18116,United Kingdom,1560,2134.49,82.8,0.01
12560,Germany,1561,2134.01,82.81,0.01
16493,United Kingdom,1562,2132.09,82.82,0.01
13517,United Kingdom,1563,2128.42,82.83,0.01
14634,United Kingdom,1564,2124.46,82.84,0.01
16807,United Kingdom,1565,2123.88,82.86,0.01
16996,United Kingdom,1566,2123.61,82.87,0.01
14472,United Kingdom,1567,2118.72,82.88,0.01
14360,United Kingdom,1568,2118.03,82.89,0.01
14691,United Kingdom,1569,2114.33,82.9,0.01
16201,United Kingdom,1570,2112.12,82.92,0.01
16054,United Kingdom,1571,2111.88,82.93,0.01
12997,United Kingdom,1572,2110.91,82.94,0.01
14399,United Kingdom,1573,2108.21,82.95,0.01
13755,United Kingdom,1574,2108.06,82.96,0.01
13610,United Kingdom,1575,2103.71,82.98,0.01
15252,United Kingdom,1576,2103.41,82.99,0.01
14276,United Kingdom,1577,2102.68,83.0,0.01
14499,United Kingdom,1578,2101.79,83.01,0.01
15815,United Kingdom,1579,2100.6,83.02,0.01
12975,United Kingdom,1580,2100.09,83.04,0.01
17159,United Kingdom,1581,2099.59,83.05,0.01
12610,Italy,1582,2099.54,83.06,0.01
17742,United Kingdom,1583,2098.48,83.07,0.01
13753,United Kingdom,1584,2094.57,83.08,0.01
13591,United Kingdom,1585,2093.94,83.09,0.01
14469,United Kingdom,1586,2093.46,83.11,0.01
13265,United Kingdom,1587,2092.66,83.12,0.01
15456,United Kingdom,1588,2091.52,83.13,0.01
15151,United Kingdom,1589,2085.61,83.14,0.01
17705,United Kingdom,1590,2083.9,83.15,0.01
14896,United Kingdom,1591,2083.22,83.17,0.01
16934,United Kingdom,1592,2083.14,83.18,0.01
14396,United Kingdom,1593,2079.73,83.19,0.01
18026,United Kingdom,1594,2074.07,83.2,0.01
17048,United Kingdom,1595,2071.68,83.21,0.01
17585,United Kingdom,1596,2064.71,83.22,0.01
16726,United Kingdom,1597,2063.88,83.24,0.01
12586,Italy,1598,2062.67,83.25,0.01
13476,United Kingdom,1599,2061.47,83.26,0.01
18258,United Kingdom,1600,2059.67,83.27,0.01
17633,United Kingdom,1601,2057.39,83.28,0.01
12518,Germany,1602,2056.89,83.29,0.01
15253,United Kingdom,1603,2055.09,83.31,0.01
14188,United Kingdom,1604,2054.36,83.32,0.01
16235,United Kingdom,1605,2053.71,83.33,0.01
16794,United Kingdom,1606,2052.7,83.34,0.01
16176,United Kingdom,1607,2052.69,83.35,0.01
14723,United Kingdom,1608,2050.25,83.36,0.01
17086,United Kingdom,1609,2050.08,83.38,0.01
13874,United Kingdom,1610,2049.15,83.39,0.01
13984,United Kingdom,1611,2048.6,83.4,0.01
16027,United Kingdom,1612,2048.36,83.41,0.01
14232,United Kingdom,1613,2048.07,83.42,0.01
17666,United Kingdom,1614,2047.8,83.43,0.01
13663,United Kingdom,1615,2047.51,83.44,0.01
14000,United Kingdom,1616,2046.34,83.46,0.01
15473,United Kingdom,1617,2046.0,83.47,0.01
17289,United Kingdom,1618,2041.8,83.48,0.01
12585,Germany,1619,2040.1,83.49,0.01
14988,United Kingdom,1620,2038.65,83.5,0.01
16214,United Kingdom,1621,2038.25,83.51,0.01
16331,United Kingdom,1622,2037.7,83.53,0.01
13705,United Kingdom,1623,2035.33,83.54,0.01
17846,United Kingdom,1624,2033.1,83.55,0.01
13630,United Kingdom,1625,2031.78,83.56,0.01
14225,United Kingdom,1626,2031.07,83.57,0.01
15272,United Kingdom,1627,2030.95,83.58,0.01
15506,United Kingdom,1628,2030.33,83.59,0.01
15164,United Kingdom,1629,2028.11,83.61,0.01
15384,United Kingdom,1630,2027.79,83.62,0.01
12873,United Kingdom,1631,2027.3,83.63,0.01
13989,United Kingdom,1632,2026.06,83.64,0.01
14631,United Kingdom,1633,2025.69,83.65,0.01
16510,United Kingdom,1634,2025.6,83.66,0.01
14651,United Kingdom,1635,2025.52,83.67,0.01
12418,Switzerland,1636,2021.2,83.69,0.01
17227,United Kingdom,1637,2021.18,83.7,0.01
13696,United Kingdom,1638,2020.4,83.71,0.01
12348,Finland,1639,2019.4,83.72,0.01
14623,United Kingdom,1640,2016.98,83.73,0.01
16197,United Kingdom,1641,2016.71,83.74,0.01
17152,United Kingdom,1642,2016.5,83.75,0.01
17126,United Kingdom,1643,2016.43,83.77,0.01
13693,United Kingdom,1644,2011.82,83.78,0.01
13888,United Kingdom,1645,2001.59,83.79,0.01
16332,United Kingdom,1646,2000.01,83.8,0.01
14628,United Kingdom,1647,1998.0,83.81,0.01
16698,United Kingdom,1648,1998.0,83.82,0.01
15990,United Kingdom,1649,1997.75,83.83,0.01
14152,United Kingdom,1650,1997.34,83.85,0.01
15481,Norway,1651,1993.34,83.86,0.01
14301,United Kingdom,1652,1992.18,83.87,0.01
13889,United Kingdom,1653,1991.23,83.88,0.01
17088,United Kingdom,1654,1991.01,83.89,0.01
16960,United Kingdom,1655,1990.88,83.9,0.01
17351,United Kingdom,1656,1988.23,83.91,0.01
16529,United Kingdom,1657,1986.8,83.92,0.01
15478,United Kingdom,1658,1983.48,83.94,0.01
14967,United Kingdom,1659,1982.61,83.95,0.01
15192,United Kingdom,1660,1981.39,83.96,0.01
17337,United Kingdom,1661,1981.06,83.97,0.01
13725,United Kingdom,1662,1980.56,83.98,0.01
12582,Finland,1663,1980.4,83.99,0.01
17158,United Kingdom,1664,1980.0,84.0,0.01
15030,United Kingdom,1665,1979.91,84.01,0.01
15795,United Kingdom,1666,1979.87,84.02,0.01
13208,United Kingdom,1667,1976.3,84.04,0.01
18204,United Kingdom,1668,1975.35,84.05,0.01
15531,United Kingdom,1669,1972.39,84.06,0.01
17797,United Kingdom,1670,1971.87,84.07,0.01
14905,United Kingdom,1671,1971.39,84.08,0.01
12674,France,1672,1970.6,84.09,0.01
14477,United Kingdom,1673,1969.6,84.1,0.01
15081,United Kingdom,1674,1965.72,84.11,0.01
16032,United Kingdom,1675,1965.72,84.13,0.01
16233,United Kingdom,1676,1965.71,84.14,0.01
17966,United Kingdom,1677,1963.92,84.15,0.01
17997,United Kingdom,1678,1962.46,84.16,0.01
12399,Belgium,1679,1962.3,84.17,0.01
15789,United Kingdom,1680,1962.01,84.18,0.01
16290,United Kingdom,1681,1957.7,84.19,0.01
17039,United Kingdom,1682,1954.99,84.2,0.01
18016,United Kingdom,1683,1954.56,84.21,0.01
14794,United Kingdom,1684,1953.9,84.22,0.01
17554,United Kingdom,1685,1952.45,84.24,0.01
13761,United Kingdom,1686,1952.17,84.25,0.01
15885,United Kingdom,1687,1951.82,84.26,0.01
16993,United Kingdom,1688,1950.95,84.27,0.01
14014,United Kingdom,1689,1948.21,84.28,0.01
16891,United Kingdom,1690,1945.2,84.29,0.01
15620,United Kingdom,1691,1942.36,84.3,0.01
15425,United Kingdom,1692,1941.12,84.31,0.01
12385,Belgium,1693,1938.4,84.32,0.01
16619,United Kingdom,1694,1938.33,84.33,0.01
17135,United Kingdom,1695,1937.76,84.35,0.01
14418,United Kingdom,1696,1937.25,84.36,0.01
15605,United Kingdom,1697,1936.8,84.37,0.01
15561,United Kingdom,1698,1934.39,84.38,0.01
12528,Germany,1699,1933.48,84.39,0.01
12531,Germany,1700,1933.2,84.4,0.01
16859,United Kingdom,1701,1932.41,84.41,0.01
15803,United Kingdom,1702,1929.66,84.42,0.01
17236,United Kingdom,1703,1929.26,84.43,0.01
16788,United Kingdom,1704,1928.93,84.44,0.01
13029,United Kingdom,1705,1927.3,84.45,0.01
14492,United Kingdom,1706,1921.91,84.47,0.01
16681,United Kingdom,1707,1921.84,84.48,0.01
18220,United Kingdom,1708,1921.76,84.49,0.01
13838,United Kingdom,1709,1920.73,84.5,0.01
12644,Germany,1710,1918.49,84.51,0.01
12842,United Kingdom,1711,1917.99,84.52,0.01
14332,United Kingdom,1712,1917.41,84.53,0.01
16650,United Kingdom,1713,1916.11,84.54,0.01
16555,United Kingdom,1714,1915.68,84.55,0.01
16692,United Kingdom,1715,1914.7,84.56,0.01
16770,United Kingdom,1716,1909.73,84.57,0.01
12947,United Kingdom,1717,1908.03,84.59,0.01
17046,United Kingdom,1718,1906.07,84.6,0.01
16942,United Kingdom,1719,1904.99,84.61,0.01
17235,United Kingdom,1720,1904.88,84.62,0.01
14250,United Kingdom,1721,1904.05,84.63,0.01
14127,United Kingdom,1722,1900.08,84.64,0.01
14710,United Kingdom,1723,1899.79,84.65,0.01
12762,Portugal,1724,1898.52,84.66,0.01
14389,United Kingdom,1725,1898.01,84.67,0.01
14741,United Kingdom,1726,1897.59,84.68,0.01
14730,United Kingdom,1727,1897.57,84.69,0.01
17560,United Kingdom,1728,1895.8,84.7,0.01
14327,United Kingdom,1729,1894.93,84.71,0.01
15248,United Kingdom,1730,1893.93,84.72,0.01
17350,United Kingdom,1731,1893.7,84.74,0.01
16631,United Kingdom,1732,1892.52,84.75,0.01
13276,United Kingdom,1733,1891.91,84.76,0.01
15381,United Kingdom,1734,1890.57,84.77,0.01
14912,Italy,1735,1889.25,84.78,0.01
17609,United Kingdom,1736,1887.9,84.79,0.01
16172,United Kingdom,1737,1884.55,84.8,0.01
14403,United Kingdom,1738,1880.51,84.81,0.01
16660,United Kingdom,1739,1879.55,84.82,0.01
18151,United Kingdom,1740,1879.44,84.83,0.01
15197,United Kingdom,1741,1877.51,84.84,0.01
13946,United Kingdom,1742,1876.23,84.85,0.01
12494,France,1743,1872.87,84.86,0.01
16426,United Kingdom,1744,1863.76,84.87,0.01
14887,United Kingdom,1745,1862.0,84.88,0.01
13503,United Kingdom,1746,1859.24,84.89,0.01
14305,United Kingdom,1747,1858.96,84.91,0.01
14130,United Kingdom,1748,1858.77,84.92,0.01
16043,United Kingdom,1749,1856.59,84.93,0.01
16049,United Kingdom,1750,1852.15,84.94,0.01
16917,United Kingdom,1751,1851.88,84.95,0.01
12383,Belgium,1752,1850.56,84.96,0.01
12381,Norway,1753,1845.31,84.97,0.01
12507,Spain,1754,1844.06,84.98,0.01
18180,United Kingdom,1755,1843.75,84.99,0.01
12694,France,1756,1843.35,85.0,0.01
12950,United Kingdom,1757,1843.0,85.01,0.01
15201,United Kingdom,1758,1842.95,85.02,0.01
16102,United Kingdom,1759,1842.14,85.03,0.01
14224,United Kingdom,1760,1841.71,85.04,0.01
13168,United Kingdom,1761,1840.73,85.05,0.01
17919,United Kingdom,1762,1840.32,85.06,0.01
15822,United Kingdom,1763,1840.06,85.07,0.01
14870,United Kingdom,1764,1838.95,85.08,0.01
13924,United Kingdom,1765,1838.85,85.09,0.01
17015,United Kingdom,1766,1838.61,85.1,0.01
16175,United Kingdom,1767,1836.44,85.11,0.01
15402,United Kingdom,1768,1830.54,85.12,0.01
16152,United Kingdom,1769,1829.04,85.13,0.01
16825,United Kingdom,1770,1826.89,85.14,0.01
17244,United Kingdom,1771,1826.04,85.16,0.01
15678,United Kingdom,1772,1825.94,85.17,0.01
14715,United Kingdom,1773,1825.45,85.18,0.01
13884,United Kingdom,1774,1825.03,85.19,0.01
17642,United Kingdom,1775,1824.49,85.2,0.01
16169,United Kingdom,1776,1822.97,85.21,0.01
14738,United Kingdom,1777,1821.9,85.22,0.01
15339,United Kingdom,1778,1821.02,85.23,0.01
17259,United Kingdom,1779,1820.34,85.24,0.01
16205,United Kingdom,1780,1820.11,85.25,0.01
17828,Malta,1781,1820.09,85.26,0.01
14553,United Kingdom,1782,1818.6,85.27,0.01
15807,United Kingdom,1783,1817.52,85.28,0.01
16634,United Kingdom,1784,1814.61,85.29,0.01
16880,United Kingdom,1785,1813.21,85.3,0.01
14915,United Kingdom,1786,1811.25,85.31,0.01
16474,United Kingdom,1787,1810.65,85.32,0.01
16725,United Kingdom,1788,1810.41,85.33,0.01
14893,United Kingdom,1789,1809.61,85.34,0.01
15530,United Kingdom,1790,1808.68,85.35,0.01
17888,United Kingdom,1791,1807.44,85.36,0.01
15133,United Kingdom,1792,1806.9,85.37,0.01
13561,United Kingdom,1793,1803.4,85.38,0.01
18161,United Kingdom,1794,1803.1,85.39,0.01
16797,United Kingdom,1795,1802.02,85.4,0.01
16249,United Kingdom,1796,1800.07,85.41,0.01
18235,United Kingdom,1797,1796.48,85.42,0.01
18236,United Kingdom,1798,1795.35,85.43,0.01
17165,United Kingdom,1799,1794.32,85.44,0.01
18122,United Kingdom,1800,1793.06,85.45,0.01
13711,United Kingdom,1801,1792.26,85.46,0.01
13375,United Kingdom,1802,1792.23,85.47,0.01
12369,Austria,1803,1791.15,85.48,0.01
17603,United Kingdom,1804,1788.38,85.49,0.01
13782,United Kingdom,1805,1786.08,85.5,0.01
15608,United Kingdom,1806,1785.98,85.51,0.01
16611,United Kingdom,1807,1785.13,85.52,0.01
15452,United Kingdom,1808,1785.11,85.53,0.01
15128,United Kingdom,1809,1783.68,85.54,0.01
16110,United Kingdom,1810,1781.59,85.55,0.01
18214,United Kingdom,1811,1780.34,85.56,0.01
15220,United Kingdom,1812,1778.96,85.57,0.01
12458,Switzerland,1813,1777.49,85.58,0.01
12908,United Kingdom,1814,1776.0,85.59,0.01
12778,Netherlands,1815,1775.68,85.6,0.01
13920,United Kingdom,1816,1774.68,85.61,0.01
16124,United Kingdom,1817,1772.49,85.62,0.01
15594,United Kingdom,1818,1771.78,85.63,0.01
14850,United Kingdom,1819,1770.96,85.64,0.01
14933,Channel Islands,1820,1770.0,85.65,0.01
15972,United Kingdom,1821,1769.33,85.66,0.01
15736,United Kingdom,1822,1767.12,85.67,0.01
13456,United Kingdom,1823,1766.72,85.68,0.01
16751,United Kingdom,1824,1764.72,85.69,0.01
13648,United Kingdom,1825,1764.02,85.7,0.01
13717,United Kingdom,1826,1763.3,85.71,0.01
12784,Portugal,1827,1763.15,85.72,0.01
15777,United Kingdom,1828,1762.61,85.73,0.01
16511,United Kingdom,1829,1760.49,85.74,0.01
16620,United Kingdom,1830,1758.93,85.75,0.01
16266,United Kingdom,1831,1757.95,85.76,0.01
16595,United Kingdom,1832,1757.75,85.77,0.01
12809,Portugal,1833,1755.94,85.78,0.01
14704,United Kingdom,1834,1752.92,85.79,0.01
13155,United Kingdom,1835,1750.18,85.8,0.01
14522,United Kingdom,1836,1748.42,85.81,0.01
16639,United Kingdom,1837,1747.98,85.82,0.01
13808,United Kingdom,1838,1747.66,85.83,0.01
17695,United Kingdom,1839,1746.04,85.84,0.01
14236,United Kingdom,1840,1744.64,85.85,0.01
16348,United Kingdom,1841,1744.42,85.86,0.01
16380,United Kingdom,1842,1743.15,85.87,0.01
12425,Portugal,1843,1741.41,85.88,0.01
16087,United Kingdom,1844,1739.92,85.89,0.01
17974,United Kingdom,1845,1739.09,85.9,0.01
13531,United Kingdom,1846,1738.52,85.91,0.01
14584,United Kingdom,1847,1738.16,85.92,0.01
14075,United Kingdom,1848,1734.87,85.93,0.01
17268,United Kingdom,1849,1733.89,85.94,0.01
13026,United Kingdom,1850,1733.08,85.95,0.01
14400,United Kingdom,1851,1732.47,85.96,0.01
17432,United Kingdom,1852,1728.99,85.97,0.01
14387,United Kingdom,1853,1727.6,85.98,0.01
16809,United Kingdom,1854,1727.43,85.99,0.01
15730,United Kingdom,1855,1726.58,86.0,0.01
17190,United Kingdom,1856,1726.57,86.01,0.01
14304,United Kingdom,1857,1725.01,86.02,0.01
13363,United Kingdom,1858,1723.86,86.03,0.01
16374,United Kingdom,1859,1723.4,86.04,0.01
17451,United Kingdom,1860,1721.4,86.05,0.01
16119,United Kingdom,1861,1720.81,86.06,0.01
15267,United Kingdom,1862,1717.36,86.07,0.01
14021,United Kingdom,1863,1716.58,86.08,0.01
17162,United Kingdom,1864,1715.46,86.09,0.01
14692,United Kingdom,1865,1715.14,86.1,0.01
14987,United Kingdom,1866,1713.85,86.11,0.01
14447,United Kingdom,1867,1711.73,86.12,0.01
13665,United Kingdom,1868,1711.66,86.13,0.01
16654,United Kingdom,1869,1711.47,86.14,0.01
17750,United Kingdom,1870,1710.45,86.15,0.01
12405,Finland,1871,1710.39,86.16,0.01
13104,United Kingdom,1872,1709.1,86.16,0.01
17731,United Kingdom,1873,1708.99,86.17,0.01
15607,United Kingdom,1874,1708.97,86.18,0.01
15947,United Kingdom,1875,1708.24,86.19,0.01
12407,Belgium,1876,1708.12,86.2,0.01
16902,United Kingdom,1877,1706.88,86.21,0.01
13309,United Kingdom,1878,1706.37,86.22,0.01
16398,United Kingdom,1879,1705.8,86.23,0.01
14859,United Kingdom,1880,1705.64,86.24,0.01
12693,Germany,1881,1703.02,86.25,0.01
15326,United Kingdom,1882,1700.52,86.26,0.01
15911,United Kingdom,1883,1700.24,86.27,0.01
13240,United Kingdom,1884,1699.86,86.28,0.01
15889,United Kingdom,1885,1699.67,86.29,0.01
16768,United Kingdom,1886,1698.57,86.3,0.01
12932,United Kingdom,1887,1698.56,86.31,0.01
17813,United Kingdom,1888,1698.07,86.32,0.01
17694,United Kingdom,1889,1695.97,86.33,0.01
16899,United Kingdom,1890,1695.77,86.34,0.01
16010,United Kingdom,1891,1694.86,86.35,0.01
15976,United Kingdom,1892,1694.41,86.36,0.01
12764,Lebanon,1893,1693.88,86.37,0.01
14245,United Kingdom,1894,1693.45,86.38,0.01
14829,United Kingdom,1895,1692.84,86.39,0.01
16671,United Kingdom,1896,1692.27,86.4,0.01
14078,United Kingdom,1897,1689.71,86.41,0.01
13294,United Kingdom,1898,1689.53,86.41,0.01
17341,United Kingdom,1899,1688.82,86.42,0.01
13566,United Kingdom,1900,1688.6,86.43,0.01
12813,Netherlands,1901,1687.8,86.44,0.01
12775,Netherlands,1902,1686.12,86.45,0.01
13516,United Kingdom,1903,1685.26,86.46,0.01
15732,United Kingdom,1904,1682.07,86.47,0.01
14643,United Kingdom,1905,1679.89,86.48,0.01
15551,United Kingdom,1906,1679.81,86.49,0.01
13800,United Kingdom,1907,1679.56,86.5,0.01
12870,United Kingdom,1908,1676.95,86.51,0.01
14831,United Kingdom,1909,1676.57,86.52,0.01
13149,United Kingdom,1910,1676.06,86.53,0.01
17656,United Kingdom,1911,1674.69,86.54,0.01
13587,United Kingdom,1912,1673.5,86.55,0.01
13308,United Kingdom,1913,1670.37,86.56,0.01
13417,United Kingdom,1914,1669.49,86.57,0.01
13184,United Kingdom,1915,1668.95,86.58,0.01
17534,United Kingdom,1916,1668.83,86.59,0.01
13434,United Kingdom,1917,1666.86,86.59,0.01
13064,United Kingdom,1918,1666.84,86.6,0.01
17321,United Kingdom,1919,1665.21,86.61,0.01
16329,United Kingdom,1920,1664.92,86.62,0.01
12912,United Kingdom,1921,1662.3,86.63,0.01
15214,United Kingdom,1922,1661.44,86.64,0.01
14583,United Kingdom,1923,1660.29,86.65,0.01
18096,United Kingdom,1924,1657.87,86.66,0.01
18276,United Kingdom,1925,1656.52,86.67,0.01
17041,United Kingdom,1926,1655.2,86.68,0.01
16625,United Kingdom,1927,1654.03,86.69,0.01
16813,United Kingdom,1928,1652.18,86.7,0.01
12911,United Kingdom,1929,1651.72,86.71,0.01
13649,United Kingdom,1930,1651.48,86.72,0.01
16907,United Kingdom,1931,1650.81,86.73,0.01
15996,United Kingdom,1932,1649.65,86.74,0.01
15987,United Kingdom,1933,1649.47,86.74,0.01
18085,United Kingdom,1934,1645.75,86.75,0.01
12657,France,1935,1643.18,86.76,0.01
13506,United Kingdom,1936,1639.2,86.77,0.01
14420,United Kingdom,1937,1639.17,86.78,0.01
12933,United Kingdom,1938,1636.63,86.79,0.01
17951,United Kingdom,1939,1636.08,86.8,0.01
12398,Switzerland,1940,1635.66,86.81,0.01
17006,United Kingdom,1941,1635.27,86.82,0.01
15310,United Kingdom,1942,1634.64,86.83,0.01
18062,United Kingdom,1943,1632.67,86.84,0.01
14164,United Kingdom,1944,1631.77,86.85,0.01
18136,United Kingdom,1945,1631.36,86.86,0.01
17571,United Kingdom,1946,1630.91,86.87,0.01
14904,United Kingdom,1947,1630.49,86.87,0.01
16256,United Kingdom,1948,1629.37,86.88,0.01
13554,United Kingdom,1949,1629.35,86.89,0.01
15167,United Kingdom,1950,1627.62,86.9,0.01
14759,United Kingdom,1951,1625.97,86.91,0.01
13154,United Kingdom,1952,1624.84,86.92,0.01
15172,United Kingdom,1953,1624.05,86.93,0.01
14937,Channel Islands,1954,1621.88,86.94,0.01
12379,Belgium,1955,1620.22,86.95,0.01
15422,United Kingdom,1956,1619.97,86.96,0.01
12577,France,1957,1617.1,86.97,0.01
16224,United Kingdom,1958,1616.54,86.98,0.01
14336,United Kingdom,1959,1614.91,86.98,0.01
15013,United Kingdom,1960,1610.82,86.99,0.01
16860,United Kingdom,1961,1610.62,87.0,0.01
13900,United Kingdom,1962,1610.59,87.01,0.01
17814,United Kingdom,1963,1609.37,87.02,0.01
12847,United Kingdom,1964,1609.0,87.03,0.01
13249,United Kingdom,1965,1608.93,87.04,0.01
14920,United Kingdom,1966,1607.17,87.05,0.01
17515,United Kingdom,1967,1602.51,87.06,0.01
15325,United Kingdom,1968,1601.46,87.07,0.01
14178,United Kingdom,1969,1600.26,87.08,0.01
14885,United Kingdom,1970,1598.12,87.08,0.01
12514,Italy,1971,1597.76,87.09,0.01
15134,United Kingdom,1972,1596.29,87.1,0.01
17853,United Kingdom,1973,1596.29,87.11,0.01
13850,United Kingdom,1974,1595.48,87.12,0.01
13239,United Kingdom,1975,1594.69,87.13,0.01
16801,United Kingdom,1976,1594.23,87.14,0.01
17028,United Kingdom,1977,1593.83,87.15,0.01
15289,United Kingdom,1978,1593.09,87.16,0.01
17540,United Kingdom,1979,1590.6,87.17,0.01
16092,United Kingdom,1980,1587.94,87.17,0.01
17345,United Kingdom,1981,1586.63,87.18,0.01
13156,United Kingdom,1982,1586.54,87.19,0.01
16096,United Kingdom,1983,1584.97,87.2,0.01
13740,United Kingdom,1984,1582.77,87.21,0.01
17867,United Kingdom,1985,1582.05,87.22,0.01
14719,United Kingdom,1986,1581.84,87.23,0.01
15279,United Kingdom,1987,1580.54,87.24,0.01
13202,United Kingdom,1988,1580.3,87.25,0.01
14587,United Kingdom,1989,1580.29,87.25,0.01
13752,United Kingdom,1990,1579.83,87.26,0.01
17222,United Kingdom,1991,1579.51,87.27,0.01
12607,USA,1992,1579.51,87.28,0.01
17649,United Kingdom,1993,1578.89,87.29,0.01
13186,United Kingdom,1994,1575.89,87.3,0.01
12549,USA,1995,1575.68,87.31,0.01
13337,United Kingdom,1996,1575.26,87.32,0.01
14489,United Kingdom,1997,1574.93,87.33,0.01
16099,United Kingdom,1998,1573.2,87.34,0.01
17886,United Kingdom,1999,1572.55,87.34,0.01
14136,United Kingdom,2000,1570.81,87.35,0.01
14198,United Kingdom,2001,1569.73,87.36,0.01
13539,United Kingdom,2002,1569.36,87.37,0.01
17624,United Kingdom,2003,1568.63,87.38,0.01
16774,United Kingdom,2004,1567.48,87.39,0.01
13939,United Kingdom,2005,1560.96,87.4,0.01
15466,United Kingdom,2006,1560.46,87.41,0.01
12629,Sweden,2007,1558.22,87.41,0.01
16140,United Kingdom,2008,1557.6,87.42,0.01
16394,United Kingdom,2009,1555.34,87.43,0.01
15149,United Kingdom,2010,1554.61,87.44,0.01
18149,United Kingdom,2011,1553.96,87.45,0.01
13360,United Kingdom,2012,1553.65,87.46,0.01
15074,United Kingdom,2013,1553.13,87.47,0.01
13377,United Kingdom,2014,1552.88,87.48,0.01
17851,United Kingdom,2015,1552.35,87.49,0.01
17323,United Kingdom,2016,1551.04,87.49,0.01
14186,United Kingdom,2017,1550.63,87.5,0.01
16366,United Kingdom,2018,1548.13,87.51,0.01
17454,United Kingdom,2019,1547.94,87.52,0.01
14754,United Kingdom,2020,1547.93,87.53,0.01
16461,United Kingdom,2021,1545.83,87.54,0.01
16790,United Kingdom,2022,1545.62,87.55,0.01
16017,United Kingdom,2023,1545.58,87.56,0.01
18036,United Kingdom,2024,1545.49,87.56,0.01
16915,United Kingdom,2025,1543.18,87.57,0.01
13783,United Kingdom,2026,1542.09,87.58,0.01
12818,Austria,2027,1542.08,87.59,0.01
17837,United Kingdom,2028,1541.23,87.6,0.01
13310,United Kingdom,2029,1541.2,87.61,0.01
13579,United Kingdom,2030,1539.04,87.62,0.01
16835,United Kingdom,2031,1538.41,87.62,0.01
15798,United Kingdom,2032,1535.37,87.63,0.01
13402,United Kingdom,2033,1535.13,87.64,0.01
14695,United Kingdom,2034,1534.22,87.65,0.01
18252,United Kingdom,2035,1533.69,87.66,0.01
16491,United Kingdom,2036,1533.16,87.67,0.01
14567,United Kingdom,2037,1530.36,87.68,0.01
15701,United Kingdom,2038,1529.0,87.69,0.01
17990,United Kingdom,2039,1527.61,87.69,0.01
12926,United Kingdom,2040,1523.97,87.7,0.01
15587,United Kingdom,2041,1522.08,87.71,0.01
16066,United Kingdom,2042,1521.04,87.72,0.01
14055,United Kingdom,2043,1520.96,87.73,0.01
14264,United Kingdom,2044,1517.36,87.74,0.01
14068,United Kingdom,2045,1516.72,87.75,0.01
14267,United Kingdom,2046,1516.24,87.75,0.01
13791,United Kingdom,2047,1516.0,87.76,0.01
14220,United Kingdom,2048,1515.0,87.77,0.01
14682,United Kingdom,2049,1514.81,87.78,0.01
17764,United Kingdom,2050,1513.57,87.79,0.01
17610,United Kingdom,2051,1511.94,87.8,0.01
17977,United Kingdom,2052,1511.45,87.81,0.01
17025,United Kingdom,2053,1510.64,87.81,0.01
13370,United Kingdom,2054,1509.74,87.82,0.01
16037,United Kingdom,2055,1509.34,87.83,0.01
15948,United Kingdom,2056,1509.09,87.84,0.01
18074,United Kingdom,2057,1509.04,87.85,0.01
16910,United Kingdom,2058,1508.96,87.86,0.01
13158,United Kingdom,2059,1508.18,87.87,0.01
15261,United Kingdom,2060,1508.0,87.87,0.01
17179,United Kingdom,2061,1507.26,87.88,0.01
18022,United Kingdom,2062,1507.25,87.89,0.01
15110,United Kingdom,2063,1505.85,87.9,0.01
16450,United Kingdom,2064,1505.73,87.91,0.01
14802,United Kingdom,2065,1502.98,87.92,0.01
13810,Germany,2066,1499.01,87.93,0.01
16714,United Kingdom,2067,1497.33,87.93,0.01
15590,United Kingdom,2068,1496.6,87.94,0.01
16340,United Kingdom,2069,1496.24,87.95,0.01
15882,United Kingdom,2070,1495.98,87.96,0.01
15173,United Kingdom,2071,1494.6,87.97,0.01
14894,United Kingdom,2072,1492.81,87.98,0.01
16239,United Kingdom,2073,1492.2,87.98,0.01
16314,United Kingdom,2074,1491.4,87.99,0.01
18268,United Kingdom,2075,1490.23,88.0,0.01
13042,United Kingdom,2076,1488.59,88.01,0.01
17290,United Kingdom,2077,1487.96,88.02,0.01
14609,United Kingdom,2078,1486.2,88.03,0.01
15630,United Kingdom,2079,1481.4,88.03,0.01
15101,United Kingdom,2080,1477.94,88.04,0.01
14246,United Kingdom,2081,1474.06,88.05,0.01
17590,United Kingdom,2082,1468.02,88.06,0.01
13138,United Kingdom,2083,1467.24,88.07,0.01
13500,United Kingdom,2084,1466.3,88.08,0.01
16419,United Kingdom,2085,1463.7,88.08,0.01
12882,United Kingdom,2086,1463.04,88.09,0.01
16586,United Kingdom,2087,1462.78,88.1,0.01
17978,United Kingdom,2088,1460.91,88.11,0.01
18196,United Kingdom,2089,1457.19,88.12,0.01
15071,United Kingdom,2090,1455.56,88.13,0.01
16569,United Kingdom,2091,1455.23,88.13,0.01
12970,United Kingdom,2092,1453.6,88.14,0.01
13165,United Kingdom,2093,1451.16,88.15,0.01
13361,United Kingdom,2094,1450.5,88.16,0.01
15574,United Kingdom,2095,1450.48,88.17,0.01
14657,United Kingdom,2096,1450.19,88.18,0.01
16121,United Kingdom,2097,1450.04,88.18,0.01
15876,United Kingdom,2098,1449.14,88.19,0.01
13023,United Kingdom,2099,1449.03,88.2,0.01
15076,United Kingdom,2100,1447.74,88.21,0.01
17582,United Kingdom,2101,1446.95,88.22,0.01
17073,United Kingdom,2102,1446.09,88.22,0.01
13583,United Kingdom,2103,1445.03,88.23,0.01
15636,United Kingdom,2104,1444.58,88.24,0.01
17175,United Kingdom,2105,1443.69,88.25,0.01
17734,United Kingdom,2106,1442.32,88.26,0.01
18106,United Kingdom,2107,1441.06,88.27,0.01
18066,United Kingdom,2108,1440.4,88.27,0.01
13543,United Kingdom,2109,1439.61,88.28,0.01
14071,United Kingdom,2110,1437.57,88.29,0.01
16088,United Kingdom,2111,1437.43,88.3,0.01
13278,United Kingdom,2112,1435.85,88.31,0.01
12805,Netherlands,2113,1434.95,88.31,0.01
12389,Australia,2114,1433.33,88.32,0.01
17941,United Kingdom,2115,1433.28,88.33,0.01
13475,United Kingdom,2116,1431.78,88.34,0.01
15427,United Kingdom,2117,1430.54,88.35,0.01
15468,United Kingdom,2118,1430.48,88.35,0.01
14684,United Kingdom,2119,1430.03,88.36,0.01
17950,United Kingdom,2120,1429.46,88.37,0.01
13159,United Kingdom,2121,1429.35,88.38,0.01
18071,United Kingdom,2122,1428.63,88.39,0.01
14412,United Kingdom,2123,1426.19,88.39,0.01
17411,United Kingdom,2124,1425.38,88.4,0.01
18221,United Kingdom,2125,1424.94,88.41,0.01
13145,United Kingdom,2126,1423.52,88.42,0.01
16980,United Kingdom,2127,1422.83,88.43,0.01
17438,United Kingdom,2128,1422.77,88.43,0.01
15106,United Kingdom,2129,1422.52,88.44,0.01
16463,United Kingdom,2130,1422.4,88.45,0.01
14019,United Kingdom,2131,1421.61,88.46,0.01
15799,United Kingdom,2132,1421.34,88.47,0.01
14775,United Kingdom,2133,1418.46,88.48,0.01
16173,United Kingdom,2134,1418.32,88.48,0.01
17856,United Kingdom,2135,1418.03,88.49,0.01
15223,United Kingdom,2136,1417.95,88.5,0.01
16245,United Kingdom,2137,1413.66,88.51,0.01
17496,United Kingdom,2138,1412.89,88.52,0.01
15237,United Kingdom,2139,1412.32,88.52,0.01
16848,United Kingdom,2140,1411.62,88.53,0.01
15444,United Kingdom,2141,1411.21,88.54,0.01
16906,United Kingdom,2142,1410.92,88.55,0.01
17714,United Kingdom,2143,1410.18,88.56,0.01
17545,United Kingdom,2144,1409.86,88.56,0.01
16854,United Kingdom,2145,1408.96,88.57,0.01
13049,United Kingdom,2146,1408.24,88.58,0.01
12695,France,2147,1407.12,88.59,0.01
15652,United Kingdom,2148,1405.94,88.59,0.01
14909,United Kingdom,2149,1404.68,88.6,0.01
12765,Netherlands,2150,1404.58,88.61,0.01
18189,United Kingdom,2151,1403.73,88.62,0.01
15186,United Kingdom,2152,1403.2,88.63,0.01
13259,United Kingdom,2153,1402.54,88.63,0.01
14687,United Kingdom,2154,1402.06,88.64,0.01
16926,United Kingdom,2155,1399.86,88.65,0.01
18202,United Kingdom,2156,1396.99,88.66,0.01
16129,United Kingdom,2157,1396.05,88.67,0.01
14487,United Kingdom,2158,1391.37,88.67,0.01
15322,United Kingdom,2159,1390.86,88.68,0.01
15141,United Kingdom,2160,1388.47,88.69,0.01
12952,United Kingdom,2161,1387.79,88.7,0.01
13382,United Kingdom,2162,1387.58,88.71,0.01
16167,United Kingdom,2163,1386.12,88.71,0.01
18167,United Kingdom,2164,1384.86,88.72,0.01
13572,United Kingdom,2165,1384.25,88.73,0.01
14116,United Kingdom,2166,1382.74,88.74,0.01
16389,United Kingdom,2167,1382.07,88.74,0.01
14861,United Kingdom,2168,1380.73,88.75,0.01
15751,United Kingdom,2169,1380.44,88.76,0.01
13821,United Kingdom,2170,1379.08,88.77,0.01
17878,United Kingdom,2171,1378.93,88.78,0.01
13074,United Kingdom,2172,1378.74,88.78,0.01
12886,United Kingdom,2173,1378.4,88.79,0.01
16727,United Kingdom,2174,1377.77,88.8,0.01
14853,United Kingdom,2175,1376.87,88.81,0.01
14662,United Kingdom,2176,1376.43,88.81,0.01
14083,United Kingdom,2177,1376.2,88.82,0.01
15580,United Kingdom,2178,1375.39,88.83,0.01
17908,United Kingdom,2179,1374.5,88.84,0.01
14265,Unspecified,2180,1373.35,88.85,0.01
14434,United Kingdom,2181,1372.8,88.85,0.01
15453,United Kingdom,2182,1371.77,88.86,0.01
14538,United Kingdom,2183,1370.84,88.87,0.01
14316,United Kingdom,2184,1370.34,88.88,0.01
12533,Germany,2185,1367.89,88.88,0.01
16300,United Kingdom,2186,1367.32,88.89,0.01
13035,United Kingdom,2187,1364.2,88.9,0.01
14577,United Kingdom,2188,1364.15,88.91,0.01
14114,United Kingdom,2189,1364.09,88.92,0.01
13760,United Kingdom,2190,1363.64,88.92,0.01
15347,United Kingdom,2191,1363.6,88.93,0.01
16588,United Kingdom,2192,1361.28,88.94,0.01
13396,United Kingdom,2193,1360.99,88.95,0.01
13919,Denmark,2194,1360.68,88.95,0.01
16384,United Kingdom,2195,1358.95,88.96,0.01
17150,United Kingdom,2196,1357.95,88.97,0.01
17429,United Kingdom,2197,1357.46,88.98,0.01
12875,United Kingdom,2198,1356.99,88.98,0.01
17054,United Kingdom,2199,1356.33,88.99,0.01
15116,United Kingdom,2200,1352.75,89.0,0.01
16079,United Kingdom,2201,1352.0,89.01,0.01
17796,United Kingdom,2202,1351.04,89.02,0.01
16367,United Kingdom,2203,1350.48,89.02,0.01
14847,United Kingdom,2204,1348.95,89.03,0.01
15411,United Kingdom,2205,1348.93,89.04,0.01
16669,United Kingdom,2206,1348.88,89.05,0.01
12646,USA,2207,1346.97,89.05,0.01
14320,United Kingdom,2208,1346.75,89.06,0.01
13639,United Kingdom,2209,1346.27,89.07,0.01
15398,United Kingdom,2210,1345.53,89.08,0.01
12426,Germany,2211,1345.21,89.08,0.01
14550,United Kingdom,2212,1345.06,89.09,0.01
12463,Belgium,2213,1344.78,89.1,0.01
15154,United Kingdom,2214,1343.72,89.11,0.01
14618,United Kingdom,2215,1342.32,89.11,0.01
13743,United Kingdom,2216,1341.6,89.12,0.01
17499,United Kingdom,2217,1341.39,89.13,0.01
12620,France,2218,1339.41,89.14,0.01
12711,Germany,2219,1339.05,89.14,0.01
12591,Italy,2220,1338.95,89.15,0.01
13803,United Kingdom,2221,1338.91,89.16,0.01
13220,United Kingdom,2222,1336.09,89.17,0.01
12919,United Kingdom,2223,1335.19,89.17,0.01
17033,United Kingdom,2224,1332.79,89.18,0.01
17932,United Kingdom,2225,1331.57,89.19,0.01
14899,United Kingdom,2226,1331.38,89.2,0.01
16295,United Kingdom,2227,1328.55,89.2,0.01
13232,United Kingdom,2228,1328.35,89.21,0.01
14712,United Kingdom,2229,1328.07,89.22,0.01
15146,United Kingdom,2230,1327.16,89.23,0.01
14956,United Kingdom,2231,1325.0,89.23,0.01
12960,United Kingdom,2232,1322.07,89.24,0.01
13497,United Kingdom,2233,1320.33,89.25,0.01
14591,United Kingdom,2234,1320.21,89.26,0.01
17097,Spain,2235,1318.08,89.26,0.01
12526,Germany,2236,1316.66,89.27,0.01
14921,United Kingdom,2237,1316.07,89.28,0.01
14511,United Kingdom,2238,1314.81,89.29,0.01
14973,United Kingdom,2239,1314.45,89.29,0.01
16296,United Kingdom,2240,1313.67,89.3,0.01
13282,United Kingdom,2241,1313.19,89.31,0.01
12364,Belgium,2242,1313.1,89.32,0.01
16756,United Kingdom,2243,1312.37,89.32,0.01
12639,Sweden,2244,1312.37,89.33,0.01
12987,United Kingdom,2245,1312.21,89.34,0.01
17027,United Kingdom,2246,1310.63,89.35,0.01
13855,United Kingdom,2247,1310.34,89.35,0.01
16955,United Kingdom,2248,1309.41,89.36,0.01
12717,Greece,2249,1308.91,89.37,0.01
13328,United Kingdom,2250,1308.48,89.38,0.01
16377,United Kingdom,2251,1308.48,89.38,0.01
13846,United Kingdom,2252,1307.79,89.39,0.01
16282,United Kingdom,2253,1307.58,89.4,0.01
16894,United Kingdom,2254,1306.96,89.41,0.01
15677,United Kingdom,2255,1305.63,89.41,0.01
14297,United Kingdom,2256,1305.33,89.42,0.01
15813,United Kingdom,2257,1303.91,89.43,0.01
15400,United Kingdom,2258,1302.3,89.44,0.01
16370,United Kingdom,2259,1301.91,89.44,0.01
16574,United Kingdom,2260,1301.78,89.45,0.01
15108,European Community,2261,1300.25,89.46,0.01
14284,United Kingdom,2262,1299.65,89.46,0.01
14480,United Kingdom,2263,1299.52,89.47,0.01
16943,United Kingdom,2264,1299.49,89.48,0.01
14479,United Kingdom,2265,1299.11,89.49,0.01
16464,United Kingdom,2266,1298.66,89.49,0.01
12488,France,2267,1298.66,89.5,0.01
12372,Denmark,2268,1298.04,89.51,0.01
18286,United Kingdom,2269,1296.43,89.52,0.01
16929,United Kingdom,2270,1295.39,89.52,0.01
13440,United Kingdom,2271,1295.25,89.53,0.01
16212,United Kingdom,2272,1293.71,89.54,0.01
15621,United Kingdom,2273,1293.03,89.55,0.01
16777,United Kingdom,2274,1292.18,89.55,0.01
15471,United Kingdom,2275,1292.01,89.56,0.01
16744,United Kingdom,2276,1291.91,89.57,0.01
17109,United Kingdom,2277,1291.71,89.57,0.01
14619,United Kingdom,2278,1291.24,89.58,0.01
14856,United Kingdom,2279,1290.53,89.59,0.01
16372,United Kingdom,2280,1290.31,89.6,0.01
15171,United Kingdom,2281,1289.5,89.6,0.01
14679,United Kingdom,2282,1289.44,89.61,0.01
15774,United Kingdom,2283,1288.34,89.62,0.01
15136,United Kingdom,2284,1286.7,89.63,0.01
16608,United Kingdom,2285,1286.62,89.63,0.01
16949,United Kingdom,2286,1286.27,89.64,0.01
13300,United Kingdom,2287,1285.51,89.65,0.01
14821,United Kingdom,2288,1278.95,89.65,0.01
13617,United Kingdom,2289,1278.75,89.66,0.01
17521,United Kingdom,2290,1278.06,89.67,0.01
16951,United Kingdom,2291,1277.75,89.68,0.01
15211,United Kingdom,2292,1277.48,89.68,0.01
14478,United Kingdom,2293,1276.66,89.69,0.01
17034,United Kingdom,2294,1276.42,89.7,0.01
13916,United Kingdom,2295,1275.81,89.71,0.01
17142,United Kingdom,2296,1275.25,89.71,0.01
14820,United Kingdom,2297,1274.76,89.72,0.01
15809,United Kingdom,2298,1274.44,89.73,0.01
14167,United Kingdom,2299,1274.29,89.73,0.01
14490,United Kingdom,2300,1273.47,89.74,0.01
13443,United Kingdom,2301,1273.16,89.75,0.01
17478,United Kingdom,2302,1272.8,89.76,0.01
12394,Belgium,2303,1272.48,89.76,0.01
16222,United Kingdom,2304,1272.05,89.77,0.01
12630,Finland,2305,1270.88,89.78,0.01
13492,Switzerland,2306,1269.84,89.78,0.01
15439,United Kingdom,2307,1269.05,89.79,0.01
15584,United Kingdom,2308,1268.2,89.8,0.01
13892,United Kingdom,2309,1267.65,89.81,0.01
17037,United Kingdom,2310,1267.32,89.81,0.01
17531,United Kingdom,2311,1266.82,89.82,0.01
13515,United Kingdom,2312,1265.82,89.83,0.01
17635,United Kingdom,2313,1265.58,89.83,0.01
15038,United Kingdom,2314,1265.41,89.84,0.01
14379,United Kingdom,2315,1265.16,89.85,0.01
16842,United Kingdom,2316,1264.19,89.86,0.01
14427,United Kingdom,2317,1263.52,89.86,0.01
17759,United Kingdom,2318,1261.88,89.87,0.01
13065,United Kingdom,2319,1260.91,89.88,0.01
16688,United Kingdom,2320,1260.86,89.88,0.01
14984,United Kingdom,2321,1260.51,89.89,0.01
18035,United Kingdom,2322,1260.23,89.9,0.01
17343,United Kingdom,2323,1259.94,89.91,0.01
12993,United Kingdom,2324,1259.63,89.91,0.01
13689,United Kingdom,2325,1259.5,89.92,0.01
15009,United Kingdom,2326,1259.43,89.93,0.01
15651,United Kingdom,2327,1259.06,89.93,0.01
14474,United Kingdom,2328,1258.89,89.94,0.01
14931,Channel Islands,2329,1257.68,89.95,0.01
12402,Belgium,2330,1256.9,89.96,0.01
17481,United Kingdom,2331,1255.59,89.96,0.01
17862,United Kingdom,2332,1254.89,89.97,0.01
14419,United Kingdom,2333,1254.64,89.98,0.01
15064,United Kingdom,2334,1254.41,89.98,0.01
15441,United Kingdom,2335,1254.21,89.99,0.01
15664,United Kingdom,2336,1254.03,90.0,0.01
16292,United Kingdom,2337,1253.76,90.01,0.01
14725,United Kingdom,2338,1252.74,90.01,0.01
15579,United Kingdom,2339,1250.63,90.02,0.01
15599,United Kingdom,2340,1250.06,90.03,0.01
18135,United Kingdom,2341,1249.62,90.03,0.01
14020,United Kingdom,2342,1249.01,90.04,0.01
12666,Israel,2343,1248.42,90.05,0.01
14383,United Kingdom,2344,1247.69,90.05,0.01
12689,France,2345,1247.61,90.06,0.01
14240,United Kingdom,2346,1247.49,90.07,0.01
13860,United Kingdom,2347,1245.9,90.08,0.01
17076,United Kingdom,2348,1242.75,90.08,0.01
17529,United Kingdom,2349,1240.25,90.09,0.01
13863,United Kingdom,2350,1239.55,90.1,0.01
12985,United Kingdom,2351,1239.38,90.1,0.01
14231,United Kingdom,2352,1235.62,90.11,0.01
13201,United Kingdom,2353,1233.06,90.12,0.01
12605,Germany,2354,1232.95,90.12,0.01
16527,United Kingdom,2355,1232.94,90.13,0.01
16159,United Kingdom,2356,1232.79,90.14,0.01
18080,United Kingdom,2357,1231.5,90.15,0.01
16723,United Kingdom,2358,1231.36,90.15,0.01
12673,Germany,2359,1230.02,90.16,0.01
13019,United Kingdom,2360,1229.95,90.17,0.01
14871,United Kingdom,2361,1228.17,90.17,0.01
17342,United Kingdom,2362,1227.54,90.18,0.01
12866,Belgium,2363,1227.35,90.19,0.01
15800,United Kingdom,2364,1227.07,90.19,0.01
17456,United Kingdom,2365,1225.42,90.2,0.01
15269,United Kingdom,2366,1225.36,90.21,0.01
15303,United Kingdom,2367,1224.18,90.22,0.01
14428,United Kingdom,2368,1224.06,90.22,0.01
13787,United Kingdom,2369,1222.5,90.23,0.01
16946,United Kingdom,2370,1222.04,90.24,0.01
15376,United Kingdom,2371,1221.56,90.24,0.01
17132,United Kingdom,2372,1220.91,90.25,0.01
14430,United Kingdom,2373,1220.9,90.26,0.01
15004,United Kingdom,2374,1220.77,90.26,0.01
13243,United Kingdom,2375,1220.38,90.27,0.01
13299,United Kingdom,2376,1218.7,90.28,0.01
13304,United Kingdom,2377,1217.99,90.28,0.01
14698,United Kingdom,2378,1217.27,90.29,0.01
15390,Canada,2379,1216.66,90.3,0.01
14512,United Kingdom,2380,1215.97,90.3,0.01
15661,United Kingdom,2381,1215.95,90.31,0.01
17410,United Kingdom,2382,1214.72,90.32,0.01
17198,United Kingdom,2383,1213.88,90.33,0.01
13405,United Kingdom,2384,1213.81,90.33,0.01
13140,United Kingdom,2385,1213.18,90.34,0.01
18263,United Kingdom,2386,1213.16,90.35,0.01
16872,United Kingdom,2387,1213.13,90.35,0.01
13918,United Kingdom,2388,1212.84,90.36,0.01
16653,United Kingdom,2389,1212.66,90.37,0.01
12464,Belgium,2390,1212.05,90.37,0.01
15377,United Kingdom,2391,1211.75,90.38,0.01
14193,United Kingdom,2392,1210.19,90.39,0.01
17653,United Kingdom,2393,1207.56,90.39,0.01
16830,United Kingdom,2394,1207.5,90.4,0.01
18193,United Kingdom,2395,1207.35,90.41,0.01
16762,United Kingdom,2396,1207.24,90.41,0.01
12742,United Arab Emirates,2397,1201.52,90.42,0.01
17360,United Kingdom,2398,1200.51,90.43,0.01
14446,United Kingdom,2399,1200.28,90.43,0.01
15181,United Kingdom,2400,1200.2,90.44,0.01
15600,United Kingdom,2401,1199.31,90.45,0.01
17397,United Kingdom,2402,1198.28,90.46,0.01
17713,United Kingdom,2403,1198.09,90.46,0.01
16307,United Kingdom,2404,1194.92,90.47,0.01
15145,United Kingdom,2405,1194.73,90.48,0.01
13723,United Kingdom,2406,1194.08,90.48,0.01
14382,United Kingdom,2407,1193.63,90.49,0.01
14201,United Kingdom,2408,1193.54,90.5,0.01
12611,Italy,2409,1193.32,90.5,0.01
13293,United Kingdom,2410,1192.94,90.51,0.01
16306,United Kingdom,2411,1192.82,90.52,0.01
13976,United Kingdom,2412,1192.36,90.52,0.01
14213,United Kingdom,2413,1192.2,90.53,0.01
16501,United Kingdom,2414,1191.23,90.54,0.01
13882,United Kingdom,2415,1191.13,90.54,0.01
16471,United Kingdom,2416,1189.98,90.55,0.01
12462,Spain,2417,1189.59,90.56,0.01
17239,United Kingdom,2418,1189.45,90.56,0.01
14275,United Kingdom,2419,1189.38,90.57,0.01
18057,United Kingdom,2420,1188.46,90.58,0.01
15573,United Kingdom,2421,1188.42,90.58,0.01
18181,United Kingdom,2422,1188.34,90.59,0.01
15737,United Kingdom,2423,1188.12,90.6,0.01
17800,United Kingdom,2424,1187.21,90.6,0.01
13388,United Kingdom,2425,1185.65,90.61,0.01
18060,United Kingdom,2426,1185.46,90.62,0.01
14206,United Kingdom,2427,1185.01,90.62,0.01
15259,United Kingdom,2428,1182.38,90.63,0.01
17021,United Kingdom,2429,1182.22,90.64,0.01
13526,United Kingdom,2430,1182.0,90.64,0.01
13395,United Kingdom,2431,1180.23,90.65,0.01
18277,United Kingdom,2432,1180.05,90.66,0.01
13270,United Kingdom,2433,1180.0,90.66,0.01
17058,United Kingdom,2434,1179.89,90.67,0.01
16614,United Kingdom,2435,1179.79,90.68,0.01
16693,United Kingdom,2436,1179.48,90.68,0.01
13797,United Kingdom,2437,1179.45,90.69,0.01
17062,United Kingdom,2438,1179.14,90.7,0.01
16345,United Kingdom,2439,1178.79,90.7,0.01
18025,United Kingdom,2440,1177.72,90.71,0.01
17539,United Kingdom,2441,1176.84,90.72,0.01
13233,United Kingdom,2442,1176.46,90.72,0.01
15210,United Kingdom,2443,1176.19,90.73,0.01
14370,United Kingdom,2444,1175.78,90.74,0.01
15994,United Kingdom,2445,1175.68,90.74,0.01
12885,United Kingdom,2446,1175.22,90.75,0.01
15068,United Kingdom,2447,1174.9,90.76,0.01
12915,United Kingdom,2448,1174.75,90.76,0.01
12640,France,2449,1174.58,90.77,0.01
14126,United Kingdom,2450,1172.46,90.78,0.01
12691,France,2451,1170.4,90.78,0.01
17373,United Kingdom,2452,1167.5,90.79,0.01
17664,United Kingdom,2453,1166.23,90.8,0.01
14693,United Kingdom,2454,1165.36,90.8,0.01
15525,United Kingdom,2455,1165.15,90.81,0.01
14261,United Kingdom,2456,1163.45,90.82,0.01
16800,United Kingdom,2457,1162.65,90.82,0.01
17525,United Kingdom,2458,1161.9,90.83,0.01
12546,Spain,2459,1161.5,90.84,0.01
12972,United Kingdom,2460,1161.2,90.84,0.01
13897,United Kingdom,2461,1160.72,90.85,0.01
13459,United Kingdom,2462,1160.41,90.86,0.01
15088,United Kingdom,2463,1160.07,90.86,0.01
13601,United Kingdom,2464,1159.99,90.87,0.01
16838,United Kingdom,2465,1159.61,90.88,0.01
13499,United Kingdom,2466,1159.11,90.88,0.01
17513,United Kingdom,2467,1158.8,90.89,0.01
16184,United Kingdom,2468,1158.79,90.9,0.01
17169,United Kingdom,2469,1156.73,90.9,0.01
14788,United Kingdom,2470,1156.32,90.91,0.01
17127,United Kingdom,2471,1155.03,90.91,0.01
13030,United Kingdom,2472,1154.8,90.92,0.01
16637,United Kingdom,2473,1154.47,90.93,0.01
13462,United Kingdom,2474,1153.85,90.93,0.01
14818,United Kingdom,2475,1153.56,90.94,0.01
17984,United Kingdom,2476,1152.19,90.95,0.01
14475,United Kingdom,2477,1151.15,90.95,0.01
12475,Germany,2478,1149.64,90.96,0.01
12710,Germany,2479,1149.02,90.97,0.01
15028,United Kingdom,2480,1148.91,90.97,0.01
14308,United Kingdom,2481,1147.02,90.98,0.01
16766,United Kingdom,2482,1145.6,90.99,0.01
17477,United Kingdom,2483,1144.3,90.99,0.01
12769,Brazil,2484,1143.6,91.0,0.01
14585,United Kingdom,2485,1143.27,91.01,0.01
17770,United Kingdom,2486,1143.27,91.01,0.01
17201,United Kingdom,2487,1143.1,91.02,0.01
12439,Cyprus,2488,1142.88,91.03,0.01
13856,United Kingdom,2489,1142.03,91.03,0.01
16270,United Kingdom,2490,1141.24,91.04,0.01
16521,United Kingdom,2491,1140.11,91.04,0.01
15586,United Kingdom,2492,1139.1,91.05,0.01
17500,United Kingdom,2493,1138.0,91.06,0.01
15879,United Kingdom,2494,1137.8,91.06,0.01
17302,United Kingdom,2495,1135.63,91.07,0.01
17866,United Kingdom,2496,1134.95,91.08,0.01
13109,United Kingdom,2497,1134.03,91.08,0.01
15022,United Kingdom,2498,1133.44,91.09,0.01
16989,United Kingdom,2499,1133.25,91.1,0.01
18125,United Kingdom,2500,1131.75,91.1,0.01
15500,United Kingdom,2501,1131.56,91.11,0.01
13393,United Kingdom,2502,1131.45,91.12,0.01
12616,France,2503,1131.1,91.12,0.01
15695,United Kingdom,2504,1131.04,91.13,0.01
17622,United Kingdom,2505,1130.21,91.13,0.01
12427,Germany,2506,1129.3,91.14,0.01
13447,United Kingdom,2507,1129.14,91.15,0.01
14450,United Kingdom,2508,1128.44,91.15,0.01
12373,Austria,2509,1127.65,91.16,0.01
14671,United Kingdom,2510,1127.45,91.17,0.01
15969,United Kingdom,2511,1127.05,91.17,0.01
12503,Spain,2512,1126.0,91.18,0.01
13167,United Kingdom,2513,1125.15,91.19,0.01
13778,United Kingdom,2514,1124.49,91.19,0.01
14917,United Kingdom,2515,1123.75,91.2,0.01
17492,United Kingdom,2516,1122.42,91.2,0.01
13486,United Kingdom,2517,1122.41,91.21,0.01
17562,United Kingdom,2518,1122.38,91.22,0.01
18218,United Kingdom,2519,1121.84,91.22,0.01
13368,United Kingdom,2520,1121.5,91.23,0.01
13589,United Kingdom,2521,1120.74,91.24,0.01
17007,United Kingdom,2522,1120.1,91.24,0.01
16354,United Kingdom,2523,1119.46,91.25,0.01
17423,United Kingdom,2524,1118.95,91.25,0.01
16430,United Kingdom,2525,1117.94,91.26,0.01
17788,United Kingdom,2526,1117.9,91.27,0.01
16278,United Kingdom,2527,1117.84,91.27,0.01
16769,United Kingdom,2528,1117.05,91.28,0.01
14080,United Kingdom,2529,1115.68,91.29,0.01
13509,United Kingdom,2530,1114.72,91.29,0.01
16203,United Kingdom,2531,1114.54,91.3,0.01
14672,United Kingdom,2532,1113.14,91.31,0.01
12679,France,2533,1113.02,91.31,0.01
12648,Germany,2534,1112.0,91.32,0.01
16139,United Kingdom,2535,1111.15,91.32,0.01
16702,United Kingdom,2536,1110.83,91.33,0.01
15069,United Kingdom,2537,1109.53,91.34,0.01
15559,United Kingdom,2538,1109.4,91.34,0.01
15828,United Kingdom,2539,1108.82,91.35,0.01
15933,United Kingdom,2540,1107.46,91.36,0.01
14375,United Kingdom,2541,1106.82,91.36,0.01
14891,United Kingdom,2542,1106.73,91.37,0.01
14102,United Kingdom,2543,1105.88,91.37,0.01
17812,United Kingdom,2544,1105.29,91.38,0.01
12434,Australia,2545,1103.43,91.39,0.01
16895,United Kingdom,2546,1102.9,91.39,0.01
13295,United Kingdom,2547,1101.97,91.4,0.01
14948,United Kingdom,2548,1101.97,91.41,0.01
12785,Portugal,2549,1100.4,91.41,0.01
16014,United Kingdom,2550,1100.28,91.42,0.01
14009,United Kingdom,2551,1099.91,91.42,0.01
17137,United Kingdom,2552,1099.81,91.43,0.01
12421,Spain,2553,1098.6,91.44,0.01
13108,United Kingdom,2554,1098.52,91.44,0.01
16916,United Kingdom,2555,1098.45,91.45,0.01
14971,United Kingdom,2556,1097.98,91.46,0.01
13835,United Kingdom,2557,1095.27,91.46,0.01
17703,United Kingdom,2558,1094.84,91.47,0.01
15745,United Kingdom,2559,1094.59,91.47,0.01
14460,United Kingdom,2560,1093.5,91.48,0.01
12803,Netherlands,2561,1092.81,91.49,0.01
17726,United Kingdom,2562,1092.06,91.49,0.01
14199,United Kingdom,2563,1091.7,91.5,0.01
16805,United Kingdom,2564,1091.34,91.5,0.01
16211,United Kingdom,2565,1090.59,91.51,0.01
13853,United Kingdom,2566,1090.14,91.52,0.01
12534,Germany,2567,1089.18,91.52,0.01
15254,United Kingdom,2568,1088.35,91.53,0.01
16188,United Kingdom,2569,1087.66,91.54,0.01
16223,United Kingdom,2570,1087.05,91.54,0.01
15763,United Kingdom,2571,1086.92,91.55,0.01
14139,United Kingdom,2572,1086.8,91.55,0.01
13546,United Kingdom,2573,1086.24,91.56,0.01
16298,United Kingdom,2574,1085.7,91.57,0.01
14013,United Kingdom,2575,1084.57,91.57,0.01
17420,United Kingdom,2576,1084.43,91.58,0.01
16533,United Kingdom,2577,1082.81,91.58,0.01
14805,United Kingdom,2578,1082.55,91.59,0.01
14561,United Kingdom,2579,1080.76,91.6,0.01
13744,United Kingdom,2580,1080.52,91.6,0.01
14343,United Kingdom,2581,1079.66,91.61,0.01
13726,United Kingdom,2582,1079.66,91.62,0.01
12354,Spain,2583,1079.4,91.62,0.01
13567,United Kingdom,2584,1079.29,91.63,0.01
15546,United Kingdom,2585,1079.1,91.63,0.01
14352,United Kingdom,2586,1078.96,91.64,0.01
13656,United Kingdom,2587,1078.85,91.65,0.01
16183,United Kingdom,2588,1077.81,91.65,0.01
16642,United Kingdom,2589,1077.45,91.66,0.01
17366,United Kingdom,2590,1077.24,91.66,0.01
16071,United Kingdom,2591,1076.8,91.67,0.01
13607,United Kingdom,2592,1075.81,91.68,0.01
16048,United Kingdom,2593,1075.23,91.68,0.01
15912,United Kingdom,2594,1074.7,91.69,0.01
16231,United Kingdom,2595,1074.47,91.69,0.01
13727,United Kingdom,2596,1074.15,91.7,0.01
15238,United Kingdom,2597,1071.99,91.71,0.01
13467,United Kingdom,2598,1071.91,91.71,0.01
12801,Sweden,2599,1071.82,91.72,0.01
13521,United Kingdom,2600,1071.73,91.72,0.01
16593,United Kingdom,2601,1071.14,91.73,0.01
14484,United Kingdom,2602,1070.98,91.74,0.01
16884,United Kingdom,2603,1070.97,91.74,0.01
17522,United Kingdom,2604,1070.71,91.75,0.01
12728,France,2605,1070.17,91.76,0.01
17871,United Kingdom,2606,1068.95,91.76,0.01
17854,United Kingdom,2607,1068.5,91.77,0.01
16386,United Kingdom,2608,1068.16,91.77,0.01
15436,United Kingdom,2609,1067.75,91.78,0.01
15626,United Kingdom,2610,1067.52,91.79,0.01
17277,United Kingdom,2611,1065.35,91.79,0.01
15639,United Kingdom,2612,1065.08,91.8,0.01
13959,United Kingdom,2613,1064.77,91.8,0.01
14488,United Kingdom,2614,1064.28,91.81,0.01
14966,United Kingdom,2615,1064.26,91.82,0.01
15801,United Kingdom,2616,1063.95,91.82,0.01
12936,United Kingdom,2617,1063.9,91.83,0.01
17849,United Kingdom,2618,1063.76,91.83,0.01
12815,Poland,2619,1063.46,91.84,0.01
14411,United Kingdom,2620,1063.0,91.85,0.01
17616,United Kingdom,2621,1060.8,91.85,0.01
15706,United Kingdom,2622,1060.56,91.86,0.01
17727,United Kingdom,2623,1060.25,91.86,0.01
17421,United Kingdom,2624,1059.41,91.87,0.01
18130,United Kingdom,2625,1059.39,91.88,0.01
17214,United Kingdom,2626,1059.12,91.88,0.01
14734,United Kingdom,2627,1056.42,91.89,0.01
12791,Netherlands,2628,1056.11,91.89,0.01
15645,United Kingdom,2629,1055.17,91.9,0.01
15977,United Kingdom,2630,1054.73,91.91,0.01
12716,France,2631,1053.49,91.91,0.01
12580,Germany,2632,1052.9,91.92,0.01
15886,United Kingdom,2633,1052.87,91.92,0.01
15855,United Kingdom,2634,1052.72,91.93,0.01
16391,United Kingdom,2635,1052.26,91.94,0.01
14947,United Kingdom,2636,1049.79,91.94,0.01
13775,United Kingdom,2637,1049.66,91.95,0.01
17934,United Kingdom,2638,1049.15,91.95,0.01
15026,United Kingdom,2639,1048.89,91.96,0.01
15839,United Kingdom,2640,1048.49,91.96,0.01
16728,United Kingdom,2641,1048.28,91.97,0.01
17578,United Kingdom,2642,1047.33,91.98,0.01
17474,United Kingdom,2643,1047.0,91.98,0.01
15407,United Kingdom,2644,1046.74,91.99,0.01
15091,United Kingdom,2645,1046.61,91.99,0.01
17555,United Kingdom,2646,1045.74,92.0,0.01
14108,United Kingdom,2647,1044.96,92.01,0.01
15464,United Kingdom,2648,1044.65,92.01,0.01
15535,United Kingdom,2649,1044.37,92.02,0.01
13359,United Kingdom,2650,1043.31,92.02,0.01
14813,United Kingdom,2651,1041.79,92.03,0.01
16903,United Kingdom,2652,1041.75,92.04,0.01
16991,United Kingdom,2653,1041.21,92.04,0.01
16261,United Kingdom,2654,1041.16,92.05,0.01
13613,United Kingdom,2655,1039.85,92.05,0.01
13873,United Kingdom,2656,1038.92,92.06,0.01
12486,Sweden,2657,1037.28,92.07,0.01
17042,United Kingdom,2658,1036.58,92.07,0.01
14902,United Kingdom,2659,1035.62,92.08,0.01
17926,United Kingdom,2660,1035.49,92.08,0.01
16260,United Kingdom,2661,1035.45,92.09,0.01
12811,Portugal,2662,1033.9,92.09,0.01
17724,United Kingdom,2663,1033.0,92.1,0.01
14248,United Kingdom,2664,1032.95,92.11,0.01
13000,United Kingdom,2665,1032.5,92.11,0.01
17405,United Kingdom,2666,1031.41,92.12,0.01
13235,United Kingdom,2667,1031.07,92.12,0.01
16198,United Kingdom,2668,1030.04,92.13,0.01
14932,Channel Islands,2669,1029.66,92.14,0.01
16418,United Kingdom,2670,1028.74,92.14,0.01
15333,United Kingdom,2671,1028.56,92.15,0.01
16385,United Kingdom,2672,1028.55,92.15,0.01
16682,United Kingdom,2673,1028.0,92.16,0.01
17869,United Kingdom,2674,1027.96,92.16,0.01
16227,United Kingdom,2675,1027.22,92.17,0.01
15887,United Kingdom,2676,1027.15,92.18,0.01
15003,United Kingdom,2677,1027.03,92.18,0.01
17749,United Kingdom,2678,1026.18,92.19,0.01
16160,United Kingdom,2679,1025.44,92.19,0.01
13602,United Kingdom,2680,1025.17,92.2,0.01
17310,United Kingdom,2681,1025.1,92.2,0.01
14204,United Kingdom,2682,1024.83,92.21,0.01
17362,United Kingdom,2683,1024.04,92.22,0.01
16568,United Kingdom,2684,1020.9,92.22,0.01
12572,Germany,2685,1020.42,92.23,0.01
13376,United Kingdom,2686,1019.76,92.23,0.01
18142,United Kingdom,2687,1019.52,92.24,0.01
12403,Denmark,2688,1019.36,92.25,0.01
13956,United Kingdom,2689,1019.27,92.25,0.01
16441,United Kingdom,2690,1019.13,92.26,0.01
12828,United Kingdom,2691,1018.71,92.26,0.01
16284,United Kingdom,2692,1018.48,92.27,0.01
12905,United Kingdom,2693,1018.42,92.27,0.01
16787,United Kingdom,2694,1017.53,92.28,0.01
12793,Portugal,2695,1017.33,92.29,0.01
15970,United Kingdom,2696,1017.32,92.29,0.01
12652,Germany,2697,1017.03,92.3,0.01
13641,United Kingdom,2698,1016.47,92.3,0.01
13333,United Kingdom,2699,1015.74,92.31,0.01
14675,United Kingdom,2700,1015.58,92.31,0.01
16623,United Kingdom,2701,1015.24,92.32,0.01
14355,United Kingdom,2702,1014.45,92.33,0.01
12410,Switzerland,2703,1013.71,92.33,0.01
13466,United Kingdom,2704,1013.35,92.34,0.01
12642,Germany,2705,1013.26,92.34,0.01
15951,United Kingdom,2706,1013.17,92.35,0.01
16451,United Kingdom,2707,1013.15,92.35,0.01
17197,United Kingdom,2708,1013.01,92.36,0.01
17980,United Kingdom,2709,1012.72,92.37,0.01
15713,United Kingdom,2710,1010.79,92.37,0.01
13039,United Kingdom,2711,1010.73,92.38,0.01
16572,United Kingdom,2712,1009.6,92.38,0.01
13258,United Kingdom,2713,1009.43,92.39,0.01
16287,United Kingdom,2714,1006.98,92.39,0.01
13429,United Kingdom,2715,1006.8,92.4,0.01
15850,United Kingdom,2716,1006.75,92.41,0.01
13238,United Kingdom,2717,1006.63,92.41,0.01
15771,United Kingdom,2718,1006.54,92.42,0.01
13427,United Kingdom,2719,1006.53,92.42,0.01
12703,Germany,2720,1006.53,92.43,0.01
13549,United Kingdom,2721,1005.8,92.43,0.01
13867,United Kingdom,2722,1005.09,92.44,0.01
14214,United Kingdom,2723,1004.38,92.45,0.01
15363,United Kingdom,2724,1004.11,92.45,0.01
18160,United Kingdom,2725,1003.88,92.46,0.01
16435,United Kingdom,2726,1003.07,92.46,0.01
12446,RSA,2727,1002.31,92.47,0.01
16122,United Kingdom,2728,1001.34,92.47,0.01
13857,United Kingdom,2729,1001.01,92.48,0.01
14255,United Kingdom,2730,1000.63,92.49,0.01
12545,Spain,2731,1000.39,92.49,0.01
15508,United Kingdom,2732,1000.27,92.5,0.01
18143,United Kingdom,2733,1000.16,92.5,0.01
13005,United Kingdom,2734,999.68,92.51,0.01
12413,Spain,2735,999.45,92.51,0.01
17205,United Kingdom,2736,999.35,92.52,0.01
17329,United Kingdom,2737,998.53,92.52,0.01
16863,United Kingdom,2738,998.52,92.53,0.01
17631,United Kingdom,2739,998.49,92.54,0.01
12722,France,2740,997.63,92.54,0.01
16898,United Kingdom,2741,997.29,92.55,0.01
13965,United Kingdom,2742,996.61,92.55,0.01
16699,United Kingdom,2743,994.6,92.56,0.01
13292,United Kingdom,2744,994.51,92.56,0.01
17237,United Kingdom,2745,994.13,92.57,0.01
15104,United Kingdom,2746,993.54,92.58,0.01
17299,United Kingdom,2747,993.23,92.58,0.01
14223,United Kingdom,2748,991.13,92.59,0.01
13559,United Kingdom,2749,990.0,92.59,0.01
13245,United Kingdom,2750,989.22,92.6,0.01
15973,United Kingdom,2751,988.44,92.6,0.01
17883,United Kingdom,2752,988.42,92.61,0.01
15176,United Kingdom,2753,988.04,92.61,0.01
16130,United Kingdom,2754,987.48,92.62,0.01
18237,United Kingdom,2755,987.1,92.63,0.01
13439,United Kingdom,2756,986.61,92.63,0.01
12862,United Kingdom,2757,984.62,92.64,0.01
17144,United Kingdom,2758,984.57,92.64,0.01
14142,United Kingdom,2759,983.15,92.65,0.01
15109,United Kingdom,2760,983.1,92.65,0.01
12541,Spain,2761,981.18,92.66,0.01
12543,Spain,2762,980.25,92.66,0.01
14510,United Kingdom,2763,979.85,92.67,0.01
14230,United Kingdom,2764,979.8,92.68,0.01
15025,United Kingdom,2765,979.79,92.68,0.01
17369,United Kingdom,2766,979.2,92.69,0.01
13350,United Kingdom,2767,979.12,92.69,0.01
14157,United Kingdom,2768,978.69,92.7,0.01
15132,United Kingdom,2769,977.93,92.7,0.01
14454,United Kingdom,2770,977.3,92.71,0.01
17123,United Kingdom,2771,977.17,92.71,0.01
17221,United Kingdom,2772,976.62,92.72,0.01
15247,United Kingdom,2773,976.06,92.73,0.01
15406,United Kingdom,2774,975.87,92.73,0.01
15165,United Kingdom,2775,975.5,92.74,0.01
16376,United Kingdom,2776,974.96,92.74,0.01
15646,United Kingdom,2777,974.61,92.75,0.01
15449,United Kingdom,2778,974.52,92.75,0.01
12994,United Kingdom,2779,974.42,92.76,0.01
17958,United Kingdom,2780,973.88,92.76,0.01
12525,France,2781,973.73,92.77,0.01
16009,United Kingdom,2782,972.11,92.78,0.01
16535,United Kingdom,2783,972.04,92.78,0.01
14350,United Kingdom,2784,972.03,92.79,0.01
17100,United Kingdom,2785,971.74,92.79,0.01
14953,United Kingdom,2786,971.32,92.8,0.01
15208,United Kingdom,2787,970.52,92.8,0.01
18006,United Kingdom,2788,969.51,92.81,0.01
13223,United Kingdom,2789,969.12,92.81,0.01
16254,United Kingdom,2790,967.44,92.82,0.01
13204,United Kingdom,2791,966.66,92.82,0.01
14138,United Kingdom,2792,965.88,92.83,0.01
17987,United Kingdom,2793,965.44,92.84,0.01
15084,United Kingdom,2794,965.2,92.84,0.01
12550,Spain,2795,964.83,92.85,0.01
16763,United Kingdom,2796,964.7,92.85,0.01
15268,United Kingdom,2797,961.9,92.86,0.01
15156,United Kingdom,2798,961.49,92.86,0.01
16518,United Kingdom,2799,959.37,92.87,0.01
12588,Finland,2800,958.78,92.87,0.01
18192,United Kingdom,2801,957.97,92.88,0.01
12697,Sweden,2802,957.59,92.88,0.01
17080,United Kingdom,2803,957.53,92.89,0.01
12675,Italy,2804,957.25,92.9,0.01
17172,United Kingdom,2805,956.57,92.9,0.01
16141,United Kingdom,2806,955.94,92.91,0.01
12990,United Kingdom,2807,955.5,92.91,0.01
14629,United Kingdom,2808,955.26,92.92,0.01
16947,United Kingdom,2809,955.21,92.92,0.01
12505,Italy,2810,955.2,92.93,0.01
15430,United Kingdom,2811,954.75,92.93,0.01
17298,United Kingdom,2812,954.26,92.94,0.01
15835,United Kingdom,2813,954.09,92.94,0.01
17189,United Kingdom,2814,953.63,92.95,0.01
12414,Austria,2815,952.41,92.95,0.01
14615,United Kingdom,2816,951.76,92.96,0.01
17955,United Kingdom,2817,949.9,92.97,0.01
12767,Korea,2818,949.82,92.97,0.01
17081,United Kingdom,2819,949.39,92.98,0.01
13046,United Kingdom,2820,949.25,92.98,0.01
13636,United Kingdom,2821,949.12,92.99,0.01
15177,United Kingdom,2822,948.93,92.99,0.01
12822,United Kingdom,2823,948.88,93.0,0.01
12874,Belgium,2824,948.42,93.0,0.01
12355,Bahrain,2825,947.61,93.01,0.01
17516,United Kingdom,2826,947.5,93.01,0.01
16136,United Kingdom,2827,946.8,93.02,0.01
14994,United Kingdom,2828,946.72,93.02,0.01
16861,United Kingdom,2829,946.59,93.03,0.01
17356,United Kingdom,2830,946.47,93.04,0.01
16146,United Kingdom,2831,946.38,93.04,0.01
18217,United Kingdom,2832,945.04,93.05,0.01
17544,United Kingdom,2833,944.82,93.05,0.01
13261,United Kingdom,2834,944.1,93.06,0.01
17860,United Kingdom,2835,943.84,93.06,0.01
16199,United Kingdom,2836,942.75,93.07,0.01
17604,United Kingdom,2837,942.38,93.07,0.01
15385,United Kingdom,2838,942.08,93.08,0.01
14958,United Kingdom,2839,941.99,93.08,0.01
14326,United Kingdom,2840,940.98,93.09,0.01
13416,United Kingdom,2841,940.8,93.09,0.01
15107,United Kingdom,2842,940.35,93.1,0.01
13936,United Kingdom,2843,939.66,93.1,0.01
16109,United Kingdom,2844,939.48,93.11,0.01
17527,United Kingdom,2845,939.37,93.12,0.01
14437,United Kingdom,2846,936.34,93.12,0.01
17020,United Kingdom,2847,935.62,93.13,0.01
14140,United Kingdom,2848,935.05,93.13,0.01
12942,United Kingdom,2849,934.35,93.14,0.01
16781,United Kingdom,2850,934.25,93.14,0.01
15792,United Kingdom,2851,933.84,93.15,0.01
15787,United Kingdom,2852,933.26,93.15,0.01
16661,United Kingdom,2853,932.76,93.16,0.01
18154,United Kingdom,2854,932.6,93.16,0.01
18133,United Kingdom,2855,931.5,93.17,0.01
12396,RSA,2856,931.43,93.17,0.01
13465,United Kingdom,2857,931.12,93.18,0.01
14924,United Kingdom,2858,931.01,93.18,0.01
15723,United Kingdom,2859,930.7,93.19,0.01
14338,United Kingdom,2860,928.1,93.19,0.01
13288,United Kingdom,2861,927.61,93.2,0.01
15243,United Kingdom,2862,927.28,93.2,0.01
17805,United Kingdom,2863,927.03,93.21,0.01
16975,United Kingdom,2864,926.12,93.22,0.01
12745,EIRE,2865,925.41,93.22,0.01
13805,United Kingdom,2866,924.6,93.23,0.01
14128,United Kingdom,2867,924.21,93.23,0.01
18001,United Kingdom,2868,924.14,93.24,0.01
16643,United Kingdom,2869,923.11,93.24,0.01
13034,United Kingdom,2870,922.68,93.25,0.01
17322,United Kingdom,2871,922.59,93.25,0.01
15654,United Kingdom,2872,922.53,93.26,0.01
13122,United Kingdom,2873,922.39,93.26,0.01
17472,United Kingdom,2874,922.35,93.27,0.01
16362,United Kingdom,2875,922.16,93.27,0.01
13934,United Kingdom,2876,922.1,93.28,0.01
14605,United Kingdom,2877,921.56,93.28,0.01
12638,Sweden,2878,921.49,93.29,0.01
15576,United Kingdom,2879,921.37,93.29,0.01
15957,United Kingdom,2880,921.25,93.3,0.01
14272,United Kingdom,2881,920.81,93.3,0.01
17363,United Kingdom,2882,920.46,93.31,0.01
12998,United Kingdom,2883,920.08,93.31,0.01
14568,Channel Islands,2884,919.7,93.32,0.01
13075,United Kingdom,2885,919.61,93.32,0.01
13872,United Kingdom,2886,919.57,93.33,0.01
15304,United Kingdom,2887,919.55,93.33,0.01
17760,United Kingdom,2888,918.93,93.34,0.01
16204,United Kingdom,2889,918.71,93.35,0.01
14342,United Kingdom,2890,918.44,93.35,0.01
12368,Cyprus,2891,917.7,93.36,0.01
14061,United Kingdom,2892,917.43,93.36,0.01
14015,United Kingdom,2893,917.34,93.37,0.01
15707,United Kingdom,2894,916.98,93.37,0.01
14423,United Kingdom,2895,916.61,93.38,0.01
14176,United Kingdom,2896,916.01,93.38,0.01
14839,United Kingdom,2897,915.28,93.39,0.01
14141,United Kingdom,2898,915.13,93.39,0.01
16216,United Kingdom,2899,914.93,93.4,0.01
14549,United Kingdom,2900,913.6,93.4,0.01
15364,United Kingdom,2901,913.19,93.41,0.01
14359,United Kingdom,2902,912.18,93.41,0.01
15244,United Kingdom,2903,912.08,93.42,0.01
16034,United Kingdom,2904,911.32,93.42,0.01
14289,United Kingdom,2905,911.26,93.43,0.01
14133,United Kingdom,2906,911.14,93.43,0.01
16138,United Kingdom,2907,910.35,93.44,0.01
13038,United Kingdom,2908,908.46,93.44,0.01
15097,United Kingdom,2909,908.35,93.45,0.01
17464,United Kingdom,2910,907.14,93.45,0.01
14714,United Kingdom,2911,906.24,93.46,0.01
14969,United Kingdom,2912,906.23,93.46,0.01
12808,Portugal,2913,906.1,93.47,0.01
13573,United Kingdom,2914,904.52,93.47,0.01
13255,United Kingdom,2915,904.46,93.48,0.01
15180,United Kingdom,2916,904.43,93.48,0.01
17746,United Kingdom,2917,904.18,93.49,0.01
17176,United Kingdom,2918,902.32,93.49,0.01
17382,United Kingdom,2919,902.28,93.5,0.01
13548,United Kingdom,2920,901.44,93.5,0.01
15511,United Kingdom,2921,900.53,93.51,0.01
12945,United Kingdom,2922,900.11,93.52,0.01
14729,United Kingdom,2923,899.73,93.52,0.01
12940,United Kingdom,2924,899.69,93.53,0.01
16834,United Kingdom,2925,898.96,93.53,0.01
15710,United Kingdom,2926,898.87,93.54,0.01
15992,United Kingdom,2927,896.6,93.54,0.01
13996,United Kingdom,2928,895.76,93.55,0.01
17226,United Kingdom,2929,895.47,93.55,0.01
15066,United Kingdom,2930,893.59,93.56,0.01
12772,Portugal,2931,892.47,93.56,0.01
17155,United Kingdom,2932,892.46,93.57,0.01
16784,United Kingdom,2933,892.33,93.57,0.01
16442,United Kingdom,2934,891.98,93.58,0.01
15393,United Kingdom,2935,891.34,93.58,0.01
16361,United Kingdom,2936,891.21,93.59,0.01
14065,United Kingdom,2937,891.02,93.59,0.01
15824,United Kingdom,2938,890.94,93.6,0.01
17537,United Kingdom,2939,887.67,93.6,0.01
16900,United Kingdom,2940,887.11,93.61,0.01
15900,United Kingdom,2941,886.57,93.61,0.01
16228,United Kingdom,2942,885.71,93.62,0.01
17704,United Kingdom,2943,885.19,93.62,0.01
16411,United Kingdom,2944,884.94,93.63,0.01
17708,United Kingdom,2945,884.18,93.63,0.0
15907,United Kingdom,2946,882.72,93.64,0.0
18141,United Kingdom,2947,882.47,93.64,0.0
16387,United Kingdom,2948,882.46,93.65,0.0
17480,United Kingdom,2949,882.23,93.65,0.0
17143,United Kingdom,2950,880.97,93.66,0.0
12680,France,2951,880.81,93.66,0.0
16677,United Kingdom,2952,880.62,93.67,0.0
13937,United Kingdom,2953,880.13,93.67,0.0
14551,United Kingdom,2954,878.09,93.68,0.0
14612,United Kingdom,2955,877.7,93.68,0.0
15653,United Kingdom,2956,877.44,93.69,0.0
14645,United Kingdom,2957,876.89,93.69,0.0
17864,United Kingdom,2958,876.57,93.7,0.0
13768,United Kingdom,2959,875.97,93.7,0.0
13166,United Kingdom,2960,875.93,93.71,0.0
14681,United Kingdom,2961,875.15,93.71,0.0
16513,United Kingdom,2962,874.59,93.72,0.0
16657,United Kingdom,2963,874.43,93.72,0.0
15469,United Kingdom,2964,874.25,93.73,0.0
17361,United Kingdom,2965,871.79,93.73,0.0
15224,United Kingdom,2966,871.36,93.74,0.0
13200,United Kingdom,2967,870.09,93.74,0.0
17566,United Kingdom,2968,869.77,93.75,0.0
14753,United Kingdom,2969,869.51,93.75,0.0
16948,United Kingdom,2970,868.77,93.76,0.0
16357,United Kingdom,2971,868.37,93.76,0.0
17167,United Kingdom,2972,867.11,93.76,0.0
16567,United Kingdom,2973,865.6,93.77,0.0
13922,United Kingdom,2974,865.2,93.77,0.0
14600,United Kingdom,2975,865.17,93.78,0.0
18156,United Kingdom,2976,862.52,93.78,0.0
16668,United Kingdom,2977,862.42,93.79,0.0
12787,Netherlands,2978,862.18,93.79,0.0
17358,United Kingdom,2979,861.01,93.8,0.0
12794,Portugal,2980,860.41,93.8,0.0
13339,United Kingdom,2981,860.12,93.81,0.0
14372,United Kingdom,2982,860.08,93.81,0.0
13891,United Kingdom,2983,859.21,93.82,0.0
12440,Austria,2984,859.2,93.82,0.0
15870,United Kingdom,2985,857.46,93.83,0.0
15287,United Kingdom,2986,856.03,93.83,0.0
17161,United Kingdom,2987,856.01,93.84,0.0
15542,United Kingdom,2988,855.71,93.84,0.0
17968,United Kingdom,2989,855.54,93.85,0.0
17064,United Kingdom,2990,855.45,93.85,0.0
12878,United Kingdom,2991,854.99,93.86,0.0
13945,United Kingdom,2992,854.15,93.86,0.0
14873,United Kingdom,2993,854.13,93.87,0.0
13991,United Kingdom,2994,852.88,93.87,0.0
14686,United Kingdom,2995,852.53,93.88,0.0
15266,United Kingdom,2996,852.21,93.88,0.0
16070,United Kingdom,2997,852.15,93.89,0.0
12696,Finland,2998,851.91,93.89,0.0
17674,United Kingdom,2999,851.7,93.9,0.0
13479,United Kingdom,3000,851.37,93.9,0.0
16020,United Kingdom,3001,851.01,93.91,0.0
17223,United Kingdom,3002,850.88,93.91,0.0
18108,United Kingdom,3003,848.81,93.92,0.0
12713,Germany,3004,848.55,93.92,0.0
15264,United Kingdom,3005,848.4,93.92,0.0
15784,United Kingdom,3006,848.33,93.93,0.0
14202,United Kingdom,3007,847.76,93.93,0.0
13221,United Kingdom,3008,847.41,93.94,0.0
13487,United Kingdom,3009,846.87,93.94,0.0
16877,United Kingdom,3010,846.62,93.95,0.0
13970,United Kingdom,3011,846.55,93.95,0.0
14803,United Kingdom,3012,845.55,93.96,0.0
16500,United Kingdom,3013,843.91,93.96,0.0
14922,United Kingdom,3014,843.74,93.97,0.0
15070,United Kingdom,3015,843.25,93.97,0.0
16344,United Kingdom,3016,842.42,93.98,0.0
16846,United Kingdom,3017,842.41,93.98,0.0
17638,United Kingdom,3018,842.4,93.99,0.0
16810,United Kingdom,3019,842.04,93.99,0.0
14862,United Kingdom,3020,841.2,94.0,0.0
16798,United Kingdom,3021,841.16,94.0,0.0
12891,United Kingdom,3022,840.5,94.01,0.0
13169,United Kingdom,3023,840.08,94.01,0.0
18247,United Kingdom,3024,839.73,94.02,0.0
13940,United Kingdom,3025,839.14,94.02,0.0
17332,United Kingdom,3026,838.27,94.02,0.0
14037,United Kingdom,3027,836.95,94.03,0.0
15832,United Kingdom,3028,836.79,94.03,0.0
14929,United Kingdom,3029,836.69,94.04,0.0
13569,United Kingdom,3030,836.36,94.04,0.0
13795,United Kingdom,3031,836.3,94.05,0.0
16747,United Kingdom,3032,836.06,94.05,0.0
13386,United Kingdom,3033,835.46,94.06,0.0
16737,United Kingdom,3034,835.2,94.06,0.0
15012,United Kingdom,3035,834.82,94.07,0.0
15190,United Kingdom,3036,834.44,94.07,0.0
16644,United Kingdom,3037,833.78,94.08,0.0
12903,United Kingdom,3038,833.53,94.08,0.0
13175,United Kingdom,3039,831.45,94.09,0.0
15766,United Kingdom,3040,831.06,94.09,0.0
15759,United Kingdom,3041,830.93,94.1,0.0
16924,United Kingdom,3042,829.89,94.1,0.0
14087,United Kingdom,3043,829.47,94.1,0.0
14851,United Kingdom,3044,829.41,94.11,0.0
12730,Germany,3045,829.25,94.11,0.0
12953,United Kingdom,3046,828.81,94.12,0.0
15617,United Kingdom,3047,828.55,94.12,0.0
17003,United Kingdom,3048,828.21,94.13,0.0
13681,United Kingdom,3049,827.83,94.13,0.0
17045,United Kingdom,3050,827.68,94.14,0.0
15945,United Kingdom,3051,827.27,94.14,0.0
12792,Portugal,3052,827.01,94.15,0.0
12461,Switzerland,3053,826.88,94.15,0.0
12781,Czech Republic,3054,826.74,94.16,0.0
16494,United Kingdom,3055,826.53,94.16,0.0
17880,United Kingdom,3056,824.92,94.17,0.0
13513,United Kingdom,3057,824.59,94.17,0.0
14260,United Kingdom,3058,824.28,94.18,0.0
16264,United Kingdom,3059,823.53,94.18,0.0
15137,United Kingdom,3060,823.4,94.18,0.0
14508,United Kingdom,3061,822.92,94.19,0.0
15847,United Kingdom,3062,822.57,94.19,0.0
16164,United Kingdom,3063,822.48,94.2,0.0
16680,United Kingdom,3064,821.45,94.2,0.0
16246,United Kingdom,3065,821.35,94.21,0.0
13893,United Kingdom,3066,821.1,94.21,0.0
15314,United Kingdom,3067,820.45,94.22,0.0
16135,United Kingdom,3068,819.45,94.22,0.0
17683,United Kingdom,3069,819.01,94.23,0.0
13612,United Kingdom,3070,818.29,94.23,0.0
15483,United Kingdom,3071,817.82,94.24,0.0
14890,United Kingdom,3072,817.25,94.24,0.0
18043,United Kingdom,3073,817.2,94.24,0.0
16869,United Kingdom,3074,817.12,94.25,0.0
14872,United Kingdom,3075,816.6,94.25,0.0
13514,United Kingdom,3076,815.9,94.26,0.0
15399,United Kingdom,3077,815.77,94.26,0.0
14556,United Kingdom,3078,815.69,94.27,0.0
13811,Germany,3079,814.5,94.27,0.0
12763,Japan,3080,814.16,94.28,0.0
14624,United Kingdom,3081,814.07,94.28,0.0
16658,United Kingdom,3082,814.07,94.29,0.0
16621,United Kingdom,3083,813.48,94.29,0.0
17194,United Kingdom,3084,812.5,94.3,0.0
16460,United Kingdom,3085,811.23,94.3,0.0
16624,United Kingdom,3086,810.57,94.3,0.0
13045,United Kingdom,3087,808.92,94.31,0.0
15533,United Kingdom,3088,807.57,94.31,0.0
17495,United Kingdom,3089,806.72,94.32,0.0
12797,Portugal,3090,806.11,94.32,0.0
12632,Germany,3091,804.88,94.33,0.0
13637,United Kingdom,3092,804.3,94.33,0.0
18248,United Kingdom,3093,804.02,94.34,0.0
16469,United Kingdom,3094,803.9,94.34,0.0
15644,United Kingdom,3095,803.54,94.35,0.0
18265,United Kingdom,3096,801.51,94.35,0.0
16127,United Kingdom,3097,801.31,94.35,0.0
17114,United Kingdom,3098,801.12,94.36,0.0
17023,United Kingdom,3099,800.18,94.36,0.0
13720,United Kingdom,3100,799.9,94.37,0.0
13041,United Kingdom,3101,799.13,94.37,0.0
17251,United Kingdom,3102,798.98,94.38,0.0
16438,United Kingdom,3103,798.35,94.38,0.0
15309,United Kingdom,3104,797.96,94.39,0.0
13389,United Kingdom,3105,797.96,94.39,0.0
17281,United Kingdom,3106,797.85,94.4,0.0
15637,United Kingdom,3107,797.59,94.4,0.0
16155,United Kingdom,3108,796.9,94.4,0.0
15396,United Kingdom,3109,796.38,94.41,0.0
16952,United Kingdom,3110,795.83,94.41,0.0
18084,United Kingdom,3111,795.23,94.42,0.0
13336,United Kingdom,3112,795.12,94.42,0.0
15831,United Kingdom,3113,794.64,94.43,0.0
16961,United Kingdom,3114,794.56,94.43,0.0
17212,United Kingdom,3115,794.41,94.44,0.0
16679,United Kingdom,3116,793.06,94.44,0.0
13296,United Kingdom,3117,792.51,94.44,0.0
14022,United Kingdom,3118,792.15,94.45,0.0
16250,United Kingdom,3119,791.38,94.45,0.0
14976,United Kingdom,3120,790.86,94.46,0.0
13484,United Kingdom,3121,790.72,94.46,0.0
13544,United Kingdom,3122,790.2,94.47,0.0
14656,United Kingdom,3123,790.0,94.47,0.0
13016,United Kingdom,3124,789.89,94.48,0.0
16759,United Kingdom,3125,789.79,94.48,0.0
16472,United Kingdom,3126,789.6,94.48,0.0
15448,United Kingdom,3127,788.81,94.49,0.0
17952,United Kingdom,3128,788.46,94.49,0.0
14557,United Kingdom,3129,788.38,94.5,0.0
17817,United Kingdom,3130,788.15,94.5,0.0
14513,United Kingdom,3131,788.01,94.51,0.0
13323,United Kingdom,3132,787.85,94.51,0.0
16468,United Kingdom,3133,787.52,94.52,0.0
13212,United Kingdom,3134,786.83,94.52,0.0
14463,United Kingdom,3135,786.57,94.53,0.0
12628,Germany,3136,786.46,94.53,0.0
16739,United Kingdom,3137,786.43,94.53,0.0
13770,United Kingdom,3138,785.37,94.54,0.0
13541,United Kingdom,3139,785.25,94.54,0.0
15806,United Kingdom,3140,784.58,94.55,0.0
13595,United Kingdom,3141,784.48,94.55,0.0
13415,United Kingdom,3142,784.17,94.56,0.0
15714,United Kingdom,3143,783.96,94.56,0.0
12761,Netherlands,3144,782.95,94.56,0.0
16836,United Kingdom,3145,782.37,94.57,0.0
15952,United Kingdom,3146,781.91,94.57,0.0
17255,United Kingdom,3147,781.7,94.58,0.0
13453,United Kingdom,3148,781.69,94.58,0.0
13287,United Kingdom,3149,781.59,94.59,0.0
15679,United Kingdom,3150,781.28,94.59,0.0
15239,United Kingdom,3151,780.59,94.6,0.0
13502,United Kingdom,3152,780.5,94.6,0.0
15246,United Kingdom,3153,780.4,94.6,0.0
17691,United Kingdom,3154,780.05,94.61,0.0
18228,United Kingdom,3155,779.9,94.61,0.0
12735,France,3156,779.57,94.62,0.0
12504,Germany,3157,779.05,94.62,0.0
13781,United Kingdom,3158,778.83,94.63,0.0
14815,United Kingdom,3159,778.5,94.63,0.0
16958,United Kingdom,3160,778.49,94.64,0.0
14690,United Kingdom,3161,777.68,94.64,0.0
16505,United Kingdom,3162,777.6,94.64,0.0
13563,United Kingdom,3163,777.53,94.65,0.0
13745,United Kingdom,3164,777.36,94.65,0.0
15837,United Kingdom,3165,777.01,94.66,0.0
15794,United Kingdom,3166,777.0,94.66,0.0
15618,United Kingdom,3167,776.85,94.67,0.0
14997,United Kingdom,3168,776.6,94.67,0.0
15092,United Kingdom,3169,776.46,94.68,0.0
15743,United Kingdom,3170,775.96,94.68,0.0
13314,United Kingdom,3171,775.94,94.68,0.0
13341,United Kingdom,3172,775.85,94.69,0.0
17482,United Kingdom,3173,775.64,94.69,0.0
15921,United Kingdom,3174,775.26,94.7,0.0
15414,United Kingdom,3175,774.9,94.7,0.0
15773,United Kingdom,3176,774.52,94.71,0.0
18058,United Kingdom,3177,774.06,94.71,0.0
18112,United Kingdom,3178,773.36,94.71,0.0
16565,United Kingdom,3179,773.05,94.72,0.0
15075,United Kingdom,3180,773.03,94.72,0.0
17349,United Kingdom,3181,772.41,94.73,0.0
12923,United Kingdom,3182,770.42,94.73,0.0
17801,United Kingdom,3183,770.03,94.74,0.0
14838,United Kingdom,3184,769.92,94.74,0.0
12965,United Kingdom,3185,769.81,94.75,0.0
16480,United Kingdom,3186,769.29,94.75,0.0
16978,United Kingdom,3187,768.88,94.75,0.0
13980,United Kingdom,3188,768.82,94.76,0.0
13356,United Kingdom,3189,768.24,94.76,0.0
15331,United Kingdom,3190,767.91,94.77,0.0
13712,United Kingdom,3191,766.42,94.77,0.0
12991,United Kingdom,3192,764.82,94.78,0.0
14413,United Kingdom,3193,764.52,94.78,0.0
13699,United Kingdom,3194,764.15,94.78,0.0
16602,United Kingdom,3195,763.33,94.79,0.0
17466,United Kingdom,3196,763.28,94.79,0.0
15428,United Kingdom,3197,762.75,94.8,0.0
16806,United Kingdom,3198,762.16,94.8,0.0
13598,United Kingdom,3199,761.96,94.81,0.0
14883,United Kingdom,3200,761.59,94.81,0.0
17425,United Kingdom,3201,759.17,94.81,0.0
18246,United Kingdom,3202,758.82,94.82,0.0
16720,United Kingdom,3203,758.74,94.82,0.0
15908,United Kingdom,3204,758.62,94.83,0.0
15568,United Kingdom,3205,758.29,94.83,0.0
15006,United Kingdom,3206,757.78,94.84,0.0
16392,United Kingdom,3207,756.7,94.84,0.0
16262,United Kingdom,3208,755.15,94.84,0.0
16892,United Kingdom,3209,754.75,94.85,0.0
18104,United Kingdom,3210,754.64,94.85,0.0
18034,United Kingdom,3211,754.2,94.86,0.0
14234,United Kingdom,3212,754.12,94.86,0.0
14247,United Kingdom,3213,753.56,94.87,0.0
17579,United Kingdom,3214,753.28,94.87,0.0
14998,United Kingdom,3215,753.18,94.87,0.0
13730,United Kingdom,3216,752.6,94.88,0.0
13070,United Kingdom,3217,751.7,94.88,0.0
14923,United Kingdom,3218,749.1,94.89,0.0
16972,United Kingdom,3219,749.0,94.89,0.0
14048,United Kingdom,3220,748.69,94.9,0.0
15656,United Kingdom,3221,748.5,94.9,0.0
17387,United Kingdom,3222,746.81,94.9,0.0
14942,United Kingdom,3223,746.56,94.91,0.0
17889,United Kingdom,3224,746.42,94.91,0.0
14050,United Kingdom,3225,746.36,94.92,0.0
16465,United Kingdom,3226,746.24,94.92,0.0
18190,United Kingdom,3227,745.62,94.92,0.0
14228,United Kingdom,3228,745.5,94.93,0.0
13950,United Kingdom,3229,745.06,94.93,0.0
13236,United Kingdom,3230,744.85,94.94,0.0
12871,United Kingdom,3231,744.02,94.94,0.0
13354,United Kingdom,3232,743.53,94.95,0.0
14104,United Kingdom,3233,743.53,94.95,0.0
17038,United Kingdom,3234,743.17,94.95,0.0
16730,United Kingdom,3235,743.11,94.96,0.0
15420,United Kingdom,3236,743.0,94.96,0.0
14302,United Kingdom,3237,742.9,94.97,0.0
12465,Belgium,3238,742.19,94.97,0.0
18275,United Kingdom,3239,741.85,94.98,0.0
13721,United Kingdom,3240,741.54,94.98,0.0
13713,United Kingdom,3241,740.76,94.98,0.0
15919,United Kingdom,3242,739.77,94.99,0.0
15720,United Kingdom,3243,739.22,94.99,0.0
12603,Germany,3244,739.2,95.0,0.0
15922,United Kingdom,3245,739.0,95.0,0.0
15988,United Kingdom,3246,738.89,95.0,0.0
15462,United Kingdom,3247,737.05,95.01,0.0
16075,United Kingdom,3248,736.93,95.01,0.0
17461,United Kingdom,3249,735.82,95.02,0.0
15045,United Kingdom,3250,735.66,95.02,0.0
12527,Germany,3251,735.51,95.03,0.0
17430,United Kingdom,3252,735.17,95.03,0.0
13286,United Kingdom,3253,734.91,95.03,0.0
15938,United Kingdom,3254,734.81,95.04,0.0
12537,Sweden,3255,732.94,95.04,0.0
17979,United Kingdom,3256,732.41,95.05,0.0
13780,United Kingdom,3257,732.07,95.05,0.0
13575,United Kingdom,3258,732.07,95.05,0.0
17548,United Kingdom,3259,731.26,95.06,0.0
17681,United Kingdom,3260,731.2,95.06,0.0
14778,United Kingdom,3261,730.86,95.07,0.0
13921,United Kingdom,3262,730.7,95.07,0.0
13452,United Kingdom,3263,729.8,95.08,0.0
12925,United Kingdom,3264,729.33,95.08,0.0
15872,United Kingdom,3265,729.25,95.08,0.0
18163,United Kingdom,3266,728.84,95.09,0.0
17756,United Kingdom,3267,728.75,95.09,0.0
12786,Netherlands,3268,728.5,95.1,0.0
17547,United Kingdom,3269,727.85,95.1,0.0
17141,United Kingdom,3270,727.58,95.1,0.0
17374,United Kingdom,3271,727.11,95.11,0.0
16447,United Kingdom,3272,727.1,95.11,0.0
18078,United Kingdom,3273,725.53,95.12,0.0
12723,France,3274,725.07,95.12,0.0
17964,United Kingdom,3275,724.97,95.12,0.0
18187,United Kingdom,3276,724.89,95.13,0.0
13729,United Kingdom,3277,724.73,95.13,0.0
14798,United Kingdom,3278,724.31,95.14,0.0
17572,United Kingdom,3279,723.01,95.14,0.0
15368,United Kingdom,3280,722.74,95.14,0.0
13264,United Kingdom,3281,722.56,95.15,0.0
17615,United Kingdom,3282,721.8,95.15,0.0
13441,United Kingdom,3283,720.9,95.16,0.0
16023,United Kingdom,3284,719.81,95.16,0.0
17999,United Kingdom,3285,718.8,95.17,0.0
13537,United Kingdom,3286,717.85,95.17,0.0
13604,United Kingdom,3287,717.62,95.17,0.0
16269,United Kingdom,3288,717.57,95.18,0.0
12573,France,3289,717.41,95.18,0.0
16526,United Kingdom,3290,717.21,95.19,0.0
15274,United Kingdom,3291,716.57,95.19,0.0
12519,Germany,3292,716.54,95.19,0.0
12535,France,3293,716.35,95.2,0.0
12492,Germany,3294,715.21,95.2,0.0
15330,United Kingdom,3295,714.96,95.21,0.0
13512,United Kingdom,3296,713.39,95.21,0.0
14026,United Kingdom,3297,713.11,95.21,0.0
13147,United Kingdom,3298,712.8,95.22,0.0
17761,United Kingdom,3299,712.78,95.22,0.0
14470,United Kingdom,3300,712.04,95.23,0.0
15127,United Kingdom,3301,711.5,95.23,0.0
13103,United Kingdom,3302,709.64,95.23,0.0
13057,United Kingdom,3303,709.59,95.24,0.0
13927,United Kingdom,3304,708.26,95.24,0.0
12485,Sweden,3305,708.1,95.25,0.0
14398,United Kingdom,3306,707.79,95.25,0.0
16449,United Kingdom,3307,707.69,95.25,0.0
12453,Austria,3308,707.09,95.26,0.0
13626,United Kingdom,3309,707.04,95.26,0.0
16309,United Kingdom,3310,706.57,95.27,0.0
17051,United Kingdom,3311,706.49,95.27,0.0
12890,United Kingdom,3312,706.02,95.27,0.0
16364,United Kingdom,3313,705.79,95.28,0.0
16882,United Kingdom,3314,705.12,95.28,0.0
16015,United Kingdom,3315,704.55,95.29,0.0
12612,Germany,3316,704.04,95.29,0.0
16274,United Kingdom,3317,703.5,95.29,0.0
12883,United Kingdom,3318,703.47,95.3,0.0
15103,United Kingdom,3319,703.36,95.3,0.0
17561,United Kingdom,3320,703.02,95.31,0.0
14699,United Kingdom,3321,702.6,95.31,0.0
16997,United Kingdom,3322,702.0,95.31,0.0
17825,United Kingdom,3323,701.96,95.32,0.0
14324,United Kingdom,3324,701.61,95.32,0.0
14179,United Kingdom,3325,701.57,95.33,0.0
14356,United Kingdom,3326,701.23,95.33,0.0
13833,United Kingdom,3327,700.41,95.33,0.0
17163,United Kingdom,3328,699.78,95.34,0.0
13242,United Kingdom,3329,699.4,95.34,0.0
16018,United Kingdom,3330,698.13,95.35,0.0
14497,United Kingdom,3331,697.06,95.35,0.0
16415,United Kingdom,3332,696.76,95.35,0.0
15700,United Kingdom,3333,696.68,95.36,0.0
14959,United Kingdom,3334,695.42,95.36,0.0
13101,United Kingdom,3335,695.4,95.37,0.0
15995,United Kingdom,3336,694.54,95.37,0.0
15053,United Kingdom,3337,693.95,95.37,0.0
14111,United Kingdom,3338,692.85,95.38,0.0
17733,United Kingdom,3339,692.19,95.38,0.0
12817,Austria,3340,690.98,95.38,0.0
14880,United Kingdom,3341,690.59,95.39,0.0
16545,United Kingdom,3342,689.82,95.39,0.0
17834,United Kingdom,3343,689.67,95.4,0.0
17502,United Kingdom,3344,689.1,95.4,0.0
15361,United Kingdom,3345,689.07,95.4,0.0
12450,Spain,3346,688.2,95.41,0.0
18017,United Kingdom,3347,688.0,95.41,0.0
15901,United Kingdom,3348,687.72,95.42,0.0
14809,United Kingdom,3349,686.76,95.42,0.0
13898,United Kingdom,3350,686.4,95.42,0.0
16824,United Kingdom,3351,686.24,95.43,0.0
17935,United Kingdom,3352,686.14,95.43,0.0
12658,Germany,3353,686.05,95.44,0.0
15257,United Kingdom,3354,685.9,95.44,0.0
15219,United Kingdom,3355,685.45,95.44,0.0
15184,United Kingdom,3356,685.39,95.45,0.0
16885,United Kingdom,3357,684.6,95.45,0.0
13585,United Kingdom,3358,684.54,95.45,0.0
15669,United Kingdom,3359,684.34,95.46,0.0
15207,United Kingdom,3360,683.92,95.46,0.0
17874,United Kingdom,3361,683.46,95.47,0.0
14222,United Kingdom,3362,683.17,95.47,0.0
15582,United Kingdom,3363,682.91,95.47,0.0
13987,United Kingdom,3364,682.54,95.48,0.0
12601,Germany,3365,681.26,95.48,0.0
12478,Greece,3366,680.99,95.49,0.0
18271,United Kingdom,3367,680.85,95.49,0.0
18082,United Kingdom,3368,680.84,95.49,0.0
13524,United Kingdom,3369,680.18,95.5,0.0
13809,Cyprus,3370,679.7,95.5,0.0
14151,United Kingdom,3371,679.45,95.5,0.0
13430,United Kingdom,3372,679.45,95.51,0.0
17782,United Kingdom,3373,679.02,95.51,0.0
16646,United Kingdom,3374,678.8,95.52,0.0
14182,United Kingdom,3375,678.77,95.52,0.0
13925,United Kingdom,3376,678.25,95.52,0.0
13974,United Kingdom,3377,677.72,95.53,0.0
16601,United Kingdom,3378,677.0,95.53,0.0
13040,United Kingdom,3379,676.99,95.54,0.0
17462,United Kingdom,3380,675.69,95.54,0.0
13325,United Kingdom,3381,675.3,95.54,0.0
13355,United Kingdom,3382,674.7,95.55,0.0
13951,United Kingdom,3383,674.45,95.55,0.0
14504,United Kingdom,3384,673.26,95.55,0.0
16648,United Kingdom,3385,672.8,95.56,0.0
16226,United Kingdom,3386,672.17,95.56,0.0
17011,United Kingdom,3387,671.7,95.57,0.0
15562,United Kingdom,3388,671.43,95.57,0.0
17709,United Kingdom,3389,671.01,95.57,0.0
13398,United Kingdom,3390,670.34,95.58,0.0
17418,United Kingdom,3391,670.06,95.58,0.0
13741,United Kingdom,3392,668.43,95.58,0.0
16268,United Kingdom,3393,667.65,95.59,0.0
17962,United Kingdom,3394,666.96,95.59,0.0
18123,United Kingdom,3395,666.64,95.6,0.0
13217,United Kingdom,3396,666.48,95.6,0.0
17105,United Kingdom,3397,665.78,95.6,0.0
16132,United Kingdom,3398,664.2,95.61,0.0
16704,United Kingdom,3399,664.16,95.61,0.0
13596,United Kingdom,3400,664.11,95.62,0.0
15643,United Kingdom,3401,664.0,95.62,0.0
14720,United Kingdom,3402,663.81,95.62,0.0
16573,United Kingdom,3403,663.61,95.63,0.0
15350,United Kingdom,3404,663.25,95.63,0.0
12837,United Kingdom,3405,662.66,95.63,0.0
13864,United Kingdom,3406,662.4,95.64,0.0
16862,United Kingdom,3407,662.33,95.64,0.0
14425,United Kingdom,3408,661.39,95.65,0.0
13028,United Kingdom,3409,661.32,95.65,0.0
12386,Australia,3410,660.8,95.65,0.0
17375,United Kingdom,3411,660.55,95.66,0.0
14603,United Kingdom,3412,660.0,95.66,0.0
15405,United Kingdom,3413,659.84,95.66,0.0
15492,United Kingdom,3414,659.46,95.67,0.0
13759,United Kingdom,3415,659.41,95.67,0.0
13622,United Kingdom,3416,658.95,95.67,0.0
14452,United Kingdom,3417,658.95,95.68,0.0
14150,United Kingdom,3418,658.64,95.68,0.0
13433,United Kingdom,3419,658.32,95.69,0.0
16887,United Kingdom,3420,658.17,95.69,0.0
15880,United Kingdom,3421,658.06,95.69,0.0
15715,United Kingdom,3422,658.02,95.7,0.0
16696,United Kingdom,3423,657.9,95.7,0.0
17852,United Kingdom,3424,657.81,95.7,0.0
17459,United Kingdom,3425,657.3,95.71,0.0
16157,United Kingdom,3426,656.69,95.71,0.0
16708,United Kingdom,3427,656.63,95.72,0.0
14558,United Kingdom,3428,655.5,95.72,0.0
17371,United Kingdom,3429,655.37,95.72,0.0
16117,United Kingdom,3430,654.4,95.73,0.0
17398,United Kingdom,3431,653.38,95.73,0.0
13496,United Kingdom,3432,653.33,95.73,0.0
18121,United Kingdom,3433,653.3,95.74,0.0
15205,United Kingdom,3434,653.24,95.74,0.0
13820,United Kingdom,3435,652.75,95.75,0.0
17523,United Kingdom,3436,652.74,95.75,0.0
13840,United Kingdom,3437,651.4,95.75,0.0
12855,United Kingdom,3438,650.94,95.76,0.0
16056,United Kingdom,3439,650.75,95.76,0.0
16969,United Kingdom,3440,650.41,95.76,0.0
17779,United Kingdom,3441,650.32,95.77,0.0
14034,United Kingdom,3442,648.89,95.77,0.0
12844,United Kingdom,3443,648.6,95.77,0.0
16495,United Kingdom,3444,648.26,95.78,0.0
17777,United Kingdom,3445,647.56,95.78,0.0
16734,United Kingdom,3446,646.76,95.79,0.0
13474,United Kingdom,3447,646.59,95.79,0.0
14024,United Kingdom,3448,645.74,95.79,0.0
17380,United Kingdom,3449,645.0,95.8,0.0
12719,France,3450,644.95,95.8,0.0
16185,United Kingdom,3451,644.72,95.8,0.0
17312,United Kingdom,3452,644.3,95.81,0.0
17976,United Kingdom,3453,643.58,95.81,0.0
17963,United Kingdom,3454,643.16,95.82,0.0
13237,United Kingdom,3455,643.0,95.82,0.0
15297,United Kingdom,3456,641.94,95.82,0.0
14537,United Kingdom,3457,641.4,95.83,0.0
12365,Cyprus,3458,641.38,95.83,0.0
12624,France,3459,641.13,95.83,0.0
13318,United Kingdom,3460,640.76,95.84,0.0
14563,United Kingdom,3461,640.54,95.84,0.0
12538,Spain,3462,640.45,95.84,0.0
12880,United Kingdom,3463,640.13,95.85,0.0
15183,United Kingdom,3464,639.93,95.85,0.0
12734,France,3465,639.65,95.85,0.0
15648,United Kingdom,3466,639.5,95.86,0.0
17998,United Kingdom,3467,639.24,95.86,0.0
16428,United Kingdom,3468,638.49,95.87,0.0
12699,Germany,3469,638.11,95.87,0.0
14664,United Kingdom,3470,636.24,95.87,0.0
15829,United Kingdom,3471,636.14,95.88,0.0
16534,United Kingdom,3472,635.9,95.88,0.0
17334,United Kingdom,3473,635.15,95.88,0.0
14365,United Kingdom,3474,634.68,95.89,0.0
14219,United Kingdom,3475,633.83,95.89,0.0
15666,United Kingdom,3476,632.94,95.89,0.0
13540,United Kingdom,3477,632.39,95.9,0.0
14237,United Kingdom,3478,632.14,95.9,0.0
18183,United Kingdom,3479,632.07,95.91,0.0
13822,United Kingdom,3480,632.0,95.91,0.0
17985,United Kingdom,3481,631.35,95.91,0.0
13706,United Kingdom,3482,631.17,95.92,0.0
16193,United Kingdom,3483,630.43,95.92,0.0
16399,United Kingdom,3484,630.22,95.92,0.0
13525,United Kingdom,3485,628.78,95.93,0.0
14283,United Kingdom,3486,628.44,95.93,0.0
16158,United Kingdom,3487,628.32,95.93,0.0
13480,United Kingdom,3488,627.82,95.94,0.0
13518,United Kingdom,3489,627.16,95.94,0.0
14036,United Kingdom,3490,626.65,95.94,0.0
13914,United Kingdom,3491,626.45,95.95,0.0
14381,United Kingdom,3492,625.94,95.95,0.0
14793,United Kingdom,3493,625.9,95.95,0.0
16715,United Kingdom,3494,625.52,95.96,0.0
16330,United Kingdom,3495,625.38,95.96,0.0
17134,United Kingdom,3496,625.3,95.97,0.0
13776,United Kingdom,3497,623.98,95.97,0.0
16750,United Kingdom,3498,623.93,95.97,0.0
15147,United Kingdom,3499,623.5,95.98,0.0
16792,United Kingdom,3500,623.46,95.98,0.0
16431,United Kingdom,3501,623.28,95.98,0.0
15258,United Kingdom,3502,623.16,95.99,0.0
12575,France,3503,622.82,95.99,0.0
14115,United Kingdom,3504,622.67,95.99,0.0
17005,United Kingdom,3505,622.36,96.0,0.0
18101,United Kingdom,3506,622.01,96.0,0.0
14169,United Kingdom,3507,621.51,96.0,0.0
16368,United Kingdom,3508,621.44,96.01,0.0
15016,United Kingdom,3509,620.89,96.01,0.0
13836,United Kingdom,3510,620.37,96.01,0.0
14339,United Kingdom,3511,620.27,96.02,0.0
12667,Finland,3512,620.13,96.02,0.0
15276,United Kingdom,3513,619.8,96.03,0.0
13444,United Kingdom,3514,619.08,96.03,0.0
13020,United Kingdom,3515,618.96,96.03,0.0
14079,United Kingdom,3516,618.73,96.04,0.0
13493,Switzerland,3517,618.63,96.04,0.0
16613,United Kingdom,3518,618.59,96.04,0.0
14594,United Kingdom,3519,618.33,96.05,0.0
12596,Spain,3520,618.27,96.05,0.0
13301,United Kingdom,3521,618.09,96.05,0.0
14455,United Kingdom,3522,617.72,96.06,0.0
15956,United Kingdom,3523,617.6,96.06,0.0
14377,United Kingdom,3524,617.05,96.06,0.0
13369,United Kingdom,3525,616.56,96.07,0.0
16311,United Kingdom,3526,616.26,96.07,0.0
17639,United Kingdom,3527,615.17,96.07,0.0
15275,United Kingdom,3528,615.14,96.08,0.0
14077,United Kingdom,3529,615.08,96.08,0.0
16847,United Kingdom,3530,614.89,96.08,0.0
16566,United Kingdom,3531,614.66,96.09,0.0
16844,United Kingdom,3532,614.34,96.09,0.0
16343,United Kingdom,3533,614.12,96.1,0.0
14570,United Kingdom,3534,613.75,96.1,0.0
17035,United Kingdom,3535,613.59,96.1,0.0
15362,United Kingdom,3536,613.08,96.11,0.0
16116,United Kingdom,3537,612.78,96.11,0.0
16178,United Kingdom,3538,612.6,96.11,0.0
16589,United Kingdom,3539,612.36,96.12,0.0
12513,France,3540,612.29,96.12,0.0
13008,United Kingdom,3541,612.13,96.12,0.0
15232,United Kingdom,3542,612.06,96.13,0.0
16922,United Kingdom,3543,611.08,96.13,0.0
13731,United Kingdom,3544,610.59,96.13,0.0
13832,United Kingdom,3545,609.89,96.14,0.0
14636,United Kingdom,3546,609.85,96.14,0.0
15748,United Kingdom,3547,609.81,96.14,0.0
17325,United Kingdom,3548,609.57,96.15,0.0
17707,United Kingdom,3549,609.3,96.15,0.0
16675,United Kingdom,3550,608.86,96.15,0.0
13933,United Kingdom,3551,608.79,96.16,0.0
15018,United Kingdom,3552,607.46,96.16,0.0
15717,United Kingdom,3553,607.0,96.16,0.0
17473,United Kingdom,3554,607.0,96.17,0.0
17119,United Kingdom,3555,606.91,96.17,0.0
15158,United Kingdom,3556,606.02,96.17,0.0
16590,United Kingdom,3557,605.9,96.18,0.0
17507,United Kingdom,3558,605.58,96.18,0.0
14323,United Kingdom,3559,605.06,96.18,0.0
16321,Australia,3560,604.55,96.19,0.0
12944,United Kingdom,3561,604.51,96.19,0.0
14611,United Kingdom,3562,604.33,96.19,0.0
13106,United Kingdom,3563,603.46,96.2,0.0
12707,France,3564,603.42,96.2,0.0
18264,United Kingdom,3565,603.25,96.21,0.0
16022,United Kingdom,3566,602.63,96.21,0.0
16080,United Kingdom,3567,602.56,96.21,0.0
12654,Germany,3568,601.98,96.22,0.0
17270,United Kingdom,3569,601.45,96.22,0.0
14254,United Kingdom,3570,601.03,96.22,0.0
12420,Cyprus,3571,600.39,96.23,0.0
17745,United Kingdom,3572,600.34,96.23,0.0
18211,United Kingdom,3573,600.07,96.23,0.0
17678,United Kingdom,3574,599.76,96.24,0.0
12521,Germany,3575,599.68,96.24,0.0
12556,Spain,3576,599.56,96.24,0.0
13311,United Kingdom,3577,598.57,96.25,0.0
15424,United Kingdom,3578,597.78,96.25,0.0
14569,United Kingdom,3579,597.33,96.25,0.0
15631,United Kingdom,3580,596.67,96.26,0.0
16780,United Kingdom,3581,596.4,96.26,0.0
15346,United Kingdom,3582,596.12,96.26,0.0
14965,United Kingdom,3583,596.09,96.27,0.0
17845,United Kingdom,3584,596.09,96.27,0.0
17209,United Kingdom,3585,595.7,96.27,0.0
17658,United Kingdom,3586,595.42,96.28,0.0
13684,United Kingdom,3587,594.88,96.28,0.0
14771,United Kingdom,3588,594.62,96.28,0.0
13558,United Kingdom,3589,594.52,96.29,0.0
15442,United Kingdom,3590,594.0,96.29,0.0
15929,United Kingdom,3591,594.0,96.29,0.0
14746,United Kingdom,3592,593.5,96.3,0.0
16412,United Kingdom,3593,593.19,96.3,0.0
18232,United Kingdom,3594,592.97,96.3,0.0
16776,United Kingdom,3595,592.51,96.31,0.0
13472,United Kingdom,3596,592.24,96.31,0.0
17815,United Kingdom,3597,591.96,96.31,0.0
17156,United Kingdom,3598,591.87,96.32,0.0
12790,Netherlands,3599,591.85,96.32,0.0
17483,United Kingdom,3600,591.73,96.32,0.0
15524,United Kingdom,3601,591.4,96.33,0.0
17098,United Kingdom,3602,591.07,96.33,0.0
15160,United Kingdom,3603,589.27,96.33,0.0
15624,United Kingdom,3604,588.13,96.34,0.0
15191,United Kingdom,3605,588.05,96.34,0.0
17890,United Kingdom,3606,586.89,96.34,0.0
14173,United Kingdom,3607,586.0,96.35,0.0
17392,United Kingdom,3608,585.92,96.35,0.0
12384,Switzerland,3609,585.27,96.35,0.0
12800,Portugal,3610,584.25,96.36,0.0
14023,United Kingdom,3611,584.07,96.36,0.0
15762,United Kingdom,3612,583.75,96.36,0.0
17014,United Kingdom,3613,583.43,96.37,0.0
16001,United Kingdom,3614,583.39,96.37,0.0
14670,United Kingdom,3615,583.33,96.37,0.0
16445,United Kingdom,3616,583.16,96.38,0.0
15918,United Kingdom,3617,582.88,96.38,0.0
16100,United Kingdom,3618,582.64,96.38,0.0
16802,United Kingdom,3619,582.61,96.39,0.0
17099,United Kingdom,3620,582.17,96.39,0.0
14742,United Kingdom,3621,579.85,96.39,0.0
16596,United Kingdom,3622,579.63,96.4,0.0
15588,United Kingdom,3623,579.6,96.4,0.0
14529,United Kingdom,3624,578.61,96.4,0.0
18262,United Kingdom,3625,577.54,96.41,0.0
15830,United Kingdom,3626,576.0,96.41,0.0
17557,United Kingdom,3627,575.46,96.41,0.0
17773,United Kingdom,3628,575.37,96.42,0.0
12859,United Kingdom,3629,575.1,96.42,0.0
13262,United Kingdom,3630,573.45,96.42,0.0
12879,United Kingdom,3631,573.22,96.43,0.0
17274,United Kingdom,3632,573.22,96.43,0.0
13424,United Kingdom,3633,572.77,96.43,0.0
13379,United Kingdom,3634,572.56,96.44,0.0
13179,United Kingdom,3635,572.31,96.44,0.0
14053,United Kingdom,3636,572.3,96.44,0.0
12816,Poland,3637,572.2,96.44,0.0
13816,Germany,3638,571.67,96.45,0.0
15198,United Kingdom,3639,571.35,96.45,0.0
15691,United Kingdom,3640,571.3,96.45,0.0
18053,United Kingdom,3641,571.07,96.46,0.0
15821,United Kingdom,3642,570.96,96.46,0.0
13190,United Kingdom,3643,570.66,96.46,0.0
15315,United Kingdom,3644,570.5,96.47,0.0
17122,United Kingdom,3645,570.5,96.47,0.0
15857,United Kingdom,3646,570.48,96.47,0.0
14170,United Kingdom,3647,570.18,96.48,0.0
17433,United Kingdom,3648,569.96,96.48,0.0
15169,United Kingdom,3649,569.22,96.48,0.0
15920,United Kingdom,3650,569.14,96.49,0.0
13406,United Kingdom,3651,568.92,96.49,0.0
18244,United Kingdom,3652,568.64,96.49,0.0
13321,United Kingdom,3653,567.36,96.5,0.0
16667,United Kingdom,3654,567.18,96.5,0.0
14208,United Kingdom,3655,567.05,96.5,0.0
15627,United Kingdom,3656,566.9,96.51,0.0
13998,United Kingdom,3657,566.7,96.51,0.0
18150,United Kingdom,3658,566.58,96.51,0.0
13894,United Kingdom,3659,564.62,96.52,0.0
15344,United Kingdom,3660,563.94,96.52,0.0
15143,United Kingdom,3661,563.63,96.52,0.0
15597,United Kingdom,3662,563.37,96.53,0.0
14986,United Kingdom,3663,563.1,96.53,0.0
17665,United Kingdom,3664,563.1,96.53,0.0
17195,United Kingdom,3665,562.98,96.53,0.0
17970,United Kingdom,3666,562.79,96.54,0.0
12559,Germany,3667,561.71,96.54,0.0
17233,United Kingdom,3668,560.86,96.54,0.0
15655,United Kingdom,3669,560.67,96.55,0.0
17413,United Kingdom,3670,560.14,96.55,0.0
14273,United Kingdom,3671,559.97,96.55,0.0
15415,United Kingdom,3672,559.61,96.56,0.0
17503,United Kingdom,3673,558.96,96.56,0.0
14592,United Kingdom,3674,557.94,96.56,0.0
13260,United Kingdom,3675,557.62,96.57,0.0
18127,United Kingdom,3676,556.13,96.57,0.0
13024,United Kingdom,3677,555.87,96.57,0.0
15102,United Kingdom,3678,554.67,96.58,0.0
15634,United Kingdom,3679,554.65,96.58,0.0
18056,United Kingdom,3680,554.6,96.58,0.0
16641,United Kingdom,3681,554.5,96.59,0.0
15650,United Kingdom,3682,553.88,96.59,0.0
17407,United Kingdom,3683,552.9,96.59,0.0
17016,United Kingdom,3684,552.4,96.59,0.0
12363,Unspecified,3685,552.0,96.6,0.0
13677,United Kingdom,3686,551.24,96.6,0.0
16414,United Kingdom,3687,551.21,96.6,0.0
17291,United Kingdom,3688,550.8,96.61,0.0
17265,United Kingdom,3689,550.01,96.61,0.0
12390,Belgium,3690,549.84,96.61,0.0
16111,United Kingdom,3691,549.33,96.62,0.0
15055,United Kingdom,3692,549.12,96.62,0.0
15200,United Kingdom,3693,549.05,96.62,0.0
15842,United Kingdom,3694,548.8,96.63,0.0
13948,United Kingdom,3695,548.76,96.63,0.0
16936,United Kingdom,3696,548.29,96.63,0.0
18039,United Kingdom,3697,548.22,96.63,0.0
16536,United Kingdom,3698,548.12,96.64,0.0
15598,United Kingdom,3699,548.02,96.64,0.0
16031,United Kingdom,3700,547.9,96.64,0.0
16811,United Kingdom,3701,547.07,96.65,0.0
17637,United Kingdom,3702,547.06,96.65,0.0
17295,United Kingdom,3703,547.0,96.65,0.0
17520,United Kingdom,3704,546.81,96.66,0.0
15080,United Kingdom,3705,546.25,96.66,0.0
17806,United Kingdom,3706,546.04,96.66,0.0
15728,United Kingdom,3707,544.6,96.67,0.0
18207,United Kingdom,3708,544.47,96.67,0.0
16475,United Kingdom,3709,544.3,96.67,0.0
13390,United Kingdom,3710,544.08,96.68,0.0
13955,United Kingdom,3711,544.07,96.68,0.0
14716,United Kingdom,3712,543.28,96.68,0.0
16927,United Kingdom,3713,543.05,96.68,0.0
15959,United Kingdom,3714,542.89,96.69,0.0
16519,United Kingdom,3715,542.76,96.69,0.0
13785,United Kingdom,3716,542.49,96.69,0.0
15675,United Kingdom,3717,542.04,96.7,0.0
16230,United Kingdom,3718,542.03,96.7,0.0
16060,United Kingdom,3719,541.95,96.7,0.0
16647,United Kingdom,3720,541.9,96.71,0.0
17447,United Kingdom,3721,541.53,96.71,0.0
17643,United Kingdom,3722,541.25,96.71,0.0
17580,United Kingdom,3723,541.02,96.72,0.0
16576,United Kingdom,3724,540.87,96.72,0.0
12819,United Kingdom,3725,540.52,96.72,0.0
12743,Unspecified,3726,540.13,96.72,0.0
17524,United Kingdom,3727,539.14,96.73,0.0
13812,Germany,3728,539.0,96.73,0.0
15539,United Kingdom,3729,538.46,96.73,0.0
13961,United Kingdom,3730,538.4,96.74,0.0
14539,United Kingdom,3731,537.48,96.74,0.0
16804,United Kingdom,3732,536.99,96.74,0.0
18140,West Indies,3733,536.41,96.75,0.0
13207,United Kingdom,3734,535.86,96.75,0.0
15890,United Kingdom,3735,535.65,96.75,0.0
16142,United Kingdom,3736,535.34,96.75,0.0
12810,Japan,3737,534.99,96.76,0.0
13807,United Kingdom,3738,534.8,96.76,0.0
13385,United Kingdom,3739,534.57,96.76,0.0
17443,Canada,3740,534.24,96.77,0.0
17436,United Kingdom,3741,534.06,96.77,0.0
16785,United Kingdom,3742,533.78,96.77,0.0
16707,United Kingdom,3743,533.41,96.78,0.0
13594,United Kingdom,3744,533.32,96.78,0.0
15433,United Kingdom,3745,533.3,96.78,0.0
15825,United Kingdom,3746,532.94,96.78,0.0
15659,United Kingdom,3747,532.49,96.79,0.0
15115,United Kingdom,3748,531.85,96.79,0.0
14940,United Kingdom,3749,531.49,96.79,0.0
16583,United Kingdom,3750,531.4,96.8,0.0
16706,United Kingdom,3751,531.35,96.8,0.0
16935,United Kingdom,3752,530.86,96.8,0.0
15917,United Kingdom,3753,530.17,96.81,0.0
18159,United Kingdom,3754,530.15,96.81,0.0
14002,United Kingdom,3755,529.73,96.81,0.0
17458,United Kingdom,3756,529.58,96.81,0.0
18191,United Kingdom,3757,529.4,96.82,0.0
16406,United Kingdom,3758,528.36,96.82,0.0
15756,United Kingdom,3759,528.01,96.82,0.0
18098,United Kingdom,3760,527.94,96.83,0.0
14616,United Kingdom,3761,527.78,96.83,0.0
12479,Germany,3762,527.2,96.83,0.0
16421,United Kingdom,3763,526.27,96.84,0.0
15467,United Kingdom,3764,524.88,96.84,0.0
14417,United Kingdom,3765,524.65,96.84,0.0
15683,United Kingdom,3766,524.54,96.84,0.0
17765,United Kingdom,3767,524.0,96.85,0.0
13277,United Kingdom,3768,523.3,96.85,0.0
17712,United Kingdom,3769,522.91,96.85,0.0
13605,United Kingdom,3770,522.67,96.86,0.0
16413,United Kingdom,3771,522.03,96.86,0.0
17514,United Kingdom,3772,522.0,96.86,0.0
12956,United Kingdom,3773,521.89,96.87,0.0
15689,United Kingdom,3774,521.03,96.87,0.0
13977,United Kingdom,3775,519.81,96.87,0.0
12571,France,3776,519.61,96.87,0.0
12777,United Kingdom,3777,519.45,96.88,0.0
12825,United Kingdom,3778,518.63,96.88,0.0
13600,United Kingdom,3779,518.42,96.88,0.0
12979,United Arab Emirates,3780,517.7,96.89,0.0
18205,United Kingdom,3781,517.36,96.89,0.0
14311,United Kingdom,3782,516.45,96.89,0.0
13043,United Kingdom,3783,516.42,96.89,0.0
14429,United Kingdom,3784,516.28,96.9,0.0
13859,United Kingdom,3785,515.86,96.9,0.0
18243,United Kingdom,3786,515.78,96.9,0.0
14949,United Kingdom,3787,515.0,96.91,0.0
17510,United Kingdom,3788,514.56,96.91,0.0
18212,United Kingdom,3789,514.37,96.91,0.0
12897,United Kingdom,3790,514.25,96.91,0.0
12977,United Kingdom,3791,513.88,96.92,0.0
18011,United Kingdom,3792,513.58,96.92,0.0
16829,United Kingdom,3793,513.32,96.92,0.0
13177,United Kingdom,3794,512.2,96.93,0.0
15891,United Kingdom,3795,511.68,96.93,0.0
12361,Belgium,3796,511.25,96.93,0.0
16561,United Kingdom,3797,511.12,96.94,0.0
13367,United Kingdom,3798,510.2,96.94,0.0
13710,United Kingdom,3799,509.52,96.94,0.0
14008,United Kingdom,3800,509.04,96.94,0.0
12436,Norway,3801,509.01,96.95,0.0
12907,United Kingdom,3802,508.91,96.95,0.0
15417,United Kingdom,3803,508.8,96.95,0.0
17391,United Kingdom,3804,508.8,96.96,0.0
14317,United Kingdom,3805,508.58,96.96,0.0
13067,United Kingdom,3806,508.51,96.96,0.0
14552,United Kingdom,3807,507.93,96.96,0.0
17415,United Kingdom,3808,507.84,96.97,0.0
14158,United Kingdom,3809,507.66,96.97,0.0
17384,United Kingdom,3810,507.55,96.97,0.0
13885,United Kingdom,3811,506.8,96.98,0.0
13123,United Kingdom,3812,506.75,96.98,0.0
14647,United Kingdom,3813,506.04,96.98,0.0
12988,United Kingdom,3814,505.82,96.98,0.0
14807,United Kingdom,3815,504.14,96.99,0.0
17630,United Kingdom,3816,503.6,96.99,0.0
12376,Switzerland,3817,503.15,96.99,0.0
12419,Spain,3818,503.01,97.0,0.0
15138,United Kingdom,3819,502.52,97.0,0.0
17276,United Kingdom,3820,502.49,97.0,0.0
17266,United Kingdom,3821,501.72,97.0,0.0
13865,United Kingdom,3822,501.56,97.01,0.0
15881,United Kingdom,3823,501.39,97.01,0.0
14968,United Kingdom,3824,501.24,97.01,0.0
13116,United Kingdom,3825,501.14,97.02,0.0
13247,United Kingdom,3826,501.12,97.02,0.0
18049,United Kingdom,3827,500.92,97.02,0.0
17248,United Kingdom,3828,500.54,97.02,0.0
16616,United Kingdom,3829,500.42,97.03,0.0
12366,Cyprus,3830,500.24,97.03,0.0
17110,United Kingdom,3831,499.9,97.03,0.0
13553,United Kingdom,3832,499.6,97.04,0.0
15193,United Kingdom,3833,499.32,97.04,0.0
16402,United Kingdom,3834,499.1,97.04,0.0
17256,United Kingdom,3835,498.93,97.04,0.0
16488,United Kingdom,3836,498.8,97.05,0.0
14171,United Kingdom,3837,498.79,97.05,0.0
17053,United Kingdom,3838,498.48,97.05,0.0
16820,United Kingdom,3839,497.61,97.05,0.0
17680,United Kingdom,3840,497.45,97.06,0.0
17335,United Kingdom,3841,497.04,97.06,0.0
17923,United Kingdom,3842,497.0,97.06,0.0
12943,United Kingdom,3843,496.5,97.07,0.0
15300,United Kingdom,3844,496.44,97.07,0.0
15278,United Kingdom,3845,496.16,97.07,0.0
12904,United Kingdom,3846,496.06,97.07,0.0
16977,United Kingdom,3847,496.0,97.08,0.0
17995,United Kingdom,3848,495.48,97.08,0.0
14319,United Kingdom,3849,494.85,97.08,0.0
16352,United Kingdom,3850,494.44,97.09,0.0
17333,United Kingdom,3851,494.25,97.09,0.0
15447,United Kingdom,3852,492.88,97.09,0.0
14270,United Kingdom,3853,492.65,97.09,0.0
18203,United Kingdom,3854,492.52,97.1,0.0
14310,United Kingdom,3855,492.1,97.1,0.0
13732,United Kingdom,3856,491.86,97.1,0.0
17269,United Kingdom,3857,491.81,97.11,0.0
14663,United Kingdom,3858,490.6,97.11,0.0
15000,United Kingdom,3859,490.52,97.11,0.0
15877,United Kingdom,3860,490.33,97.11,0.0
14416,United Kingdom,3861,490.22,97.12,0.0
12983,United Kingdom,3862,490.08,97.12,0.0
12634,USA,3863,490.0,97.12,0.0
17476,United Kingdom,3864,489.86,97.12,0.0
17715,United Kingdom,3865,489.6,97.13,0.0
17988,United Kingdom,3866,489.54,97.13,0.0
14722,United Kingdom,3867,489.52,97.13,0.0
17925,United Kingdom,3868,488.16,97.14,0.0
18280,United Kingdom,3869,488.15,97.14,0.0
17608,United Kingdom,3870,488.06,97.14,0.0
13412,United Kingdom,3871,487.35,97.14,0.0
13733,United Kingdom,3872,487.03,97.15,0.0
16021,United Kingdom,3873,487.03,97.15,0.0
13675,United Kingdom,3874,486.82,97.15,0.0
17453,United Kingdom,3875,486.72,97.15,0.0
12920,United Kingdom,3876,486.64,97.16,0.0
13153,United Kingdom,3877,486.22,97.16,0.0
15216,United Kingdom,3878,486.09,97.16,0.0
12443,Norway,3879,485.31,97.17,0.0
16999,United Kingdom,3880,484.82,97.17,0.0
16024,United Kingdom,3881,483.99,97.17,0.0
16603,United Kingdom,3882,482.47,97.17,0.0
17996,United Kingdom,3883,482.33,97.18,0.0
12542,Spain,3884,481.88,97.18,0.0
18216,United Kingdom,3885,481.75,97.18,0.0
17106,United Kingdom,3886,481.58,97.19,0.0
13176,United Kingdom,3887,481.49,97.19,0.0
15174,United Kingdom,3888,481.46,97.19,0.0
15048,United Kingdom,3889,479.7,97.19,0.0
13428,United Kingdom,3890,478.54,97.2,0.0
15589,United Kingdom,3891,478.53,97.2,0.0
12447,Belgium,3892,476.49,97.2,0.0
18176,United Kingdom,3893,476.35,97.2,0.0
15277,United Kingdom,3894,476.34,97.21,0.0
15507,United Kingdom,3895,475.86,97.21,0.0
15780,United Kingdom,3896,475.28,97.21,0.0
16552,United Kingdom,3897,475.02,97.21,0.0
14322,United Kingdom,3898,474.1,97.22,0.0
17104,United Kingdom,3899,474.03,97.22,0.0
16635,United Kingdom,3900,473.0,97.22,0.0
13194,United Kingdom,3901,472.78,97.23,0.0
14975,United Kingdom,3902,472.39,97.23,0.0
13642,United Kingdom,3903,472.2,97.23,0.0
13161,United Kingdom,3904,472.13,97.23,0.0
16038,United Kingdom,3905,471.78,97.24,0.0
15721,United Kingdom,3906,471.4,97.24,0.0
16473,United Kingdom,3907,470.83,97.24,0.0
13066,United Kingdom,3908,470.8,97.24,0.0
15963,United Kingdom,3909,470.76,97.25,0.0
17254,United Kingdom,3910,469.48,97.25,0.0
14058,United Kingdom,3911,469.19,97.25,0.0
14369,United Kingdom,3912,469.13,97.25,0.0
15557,United Kingdom,3913,468.91,97.26,0.0
15387,United Kingdom,3914,468.65,97.26,0.0
12554,Spain,3915,468.5,97.26,0.0
13171,United Kingdom,3916,468.41,97.27,0.0
14491,United Kingdom,3917,468.13,97.27,0.0
17294,United Kingdom,3918,467.79,97.27,0.0
17187,United Kingdom,3919,467.71,97.27,0.0
14029,United Kingdom,3920,467.66,97.28,0.0
16390,United Kingdom,3921,467.5,97.28,0.0
12958,United Kingdom,3922,467.34,97.28,0.0
14052,United Kingdom,3923,466.66,97.28,0.0
14148,United Kingdom,3924,466.29,97.29,0.0
16504,United Kingdom,3925,465.88,97.29,0.0
13248,United Kingdom,3926,465.68,97.29,0.0
17181,United Kingdom,3927,465.37,97.29,0.0
13928,United Kingdom,3928,464.57,97.3,0.0
15349,United Kingdom,3929,463.91,97.3,0.0
14727,United Kingdom,3930,463.73,97.3,0.0
18083,United Kingdom,3931,463.53,97.3,0.0
17040,United Kingdom,3932,463.25,97.31,0.0
14627,United Kingdom,3933,462.75,97.31,0.0
14331,United Kingdom,3934,462.66,97.31,0.0
15958,United Kingdom,3935,462.12,97.32,0.0
14954,United Kingdom,3936,462.12,97.32,0.0
13624,United Kingdom,3937,462.08,97.32,0.0
18284,United Kingdom,3938,461.68,97.32,0.0
15540,United Kingdom,3939,460.68,97.33,0.0
12491,France,3940,460.4,97.33,0.0
16310,United Kingdom,3941,460.08,97.33,0.0
17111,United Kingdom,3942,459.58,97.33,0.0
14118,United Kingdom,3943,458.45,97.34,0.0
13957,United Kingdom,3944,458.25,97.34,0.0
14599,United Kingdom,3945,457.89,97.34,0.0
14011,United Kingdom,3946,457.82,97.34,0.0
15121,United Kingdom,3947,457.72,97.35,0.0
16069,United Kingdom,3948,457.7,97.35,0.0
12375,Finland,3949,457.5,97.35,0.0
17344,United Kingdom,3950,457.36,97.35,0.0
12564,France,3951,456.9,97.36,0.0
14819,United Kingdom,3952,456.41,97.36,0.0
14296,United Kingdom,3953,456.4,97.36,0.0
16039,United Kingdom,3954,456.4,97.36,0.0
12999,United Kingdom,3955,455.88,97.37,0.0
15585,United Kingdom,3956,455.3,97.37,0.0
14335,Germany,3957,454.86,97.37,0.0
16765,United Kingdom,3958,454.75,97.37,0.0
17067,United Kingdom,3959,454.54,97.38,0.0
12459,Spain,3960,454.36,97.38,0.0
17140,United Kingdom,3961,454.12,97.38,0.0
15475,United Kingdom,3962,454.11,97.39,0.0
17564,United Kingdom,3963,454.01,97.39,0.0
17376,United Kingdom,3964,453.64,97.39,0.0
18158,United Kingdom,3965,453.4,97.39,0.0
16481,United Kingdom,3966,453.38,97.4,0.0
12729,France,3967,453.01,97.4,0.0
14184,United Kingdom,3968,452.89,97.4,0.0
16799,United Kingdom,3969,452.78,97.4,0.0
13698,United Kingdom,3970,451.73,97.41,0.0
18100,United Kingdom,3971,451.56,97.41,0.0
15802,United Kingdom,3972,451.42,97.41,0.0
18031,United Kingdom,3973,451.3,97.41,0.0
15961,United Kingdom,3974,451.29,97.42,0.0
12831,United Kingdom,3975,451.11,97.42,0.0
15124,United Kingdom,3976,450.82,97.42,0.0
16870,United Kingdom,3977,450.16,97.42,0.0
13150,United Kingdom,3978,449.97,97.43,0.0
14784,United Kingdom,3979,449.93,97.43,0.0
13877,United Kingdom,3980,449.68,97.43,0.0
13489,United Kingdom,3981,449.52,97.43,0.0
15126,United Kingdom,3982,449.49,97.44,0.0
12448,Spain,3983,449.45,97.44,0.0
15418,United Kingdom,3984,449.42,97.44,0.0
17823,United Kingdom,3985,449.25,97.44,0.0
15739,United Kingdom,3986,449.12,97.45,0.0
14761,United Kingdom,3987,447.92,97.45,0.0
14780,United Kingdom,3988,447.68,97.45,0.0
18201,United Kingdom,3989,447.53,97.45,0.0
16095,United Kingdom,3990,447.05,97.46,0.0
13754,United Kingdom,3991,447.05,97.46,0.0
14149,United Kingdom,3992,446.62,97.46,0.0
17370,United Kingdom,3993,446.18,97.46,0.0
14010,United Kingdom,3994,445.15,97.47,0.0
14328,United Kingdom,3995,445.05,97.47,0.0
18134,United Kingdom,3996,445.0,97.47,0.0
12788,Netherlands,3997,444.9,97.47,0.0
18270,United Kingdom,3998,444.55,97.48,0.0
14638,United Kingdom,3999,443.6,97.48,0.0
16424,United Kingdom,4000,443.06,97.48,0.0
16404,United Kingdom,4001,443.05,97.48,0.0
18222,United Kingdom,4002,443.0,97.49,0.0
14996,United Kingdom,4003,442.29,97.49,0.0
17699,United Kingdom,4004,442.0,97.49,0.0
12579,France,4005,440.42,97.49,0.0
18233,United Kingdom,4006,440.0,97.5,0.0
13954,United Kingdom,4007,439.92,97.5,0.0
16025,United Kingdom,4008,439.66,97.5,0.0
16968,United Kingdom,4009,439.43,97.5,0.0
13086,United Kingdom,4010,439.33,97.51,0.0
17718,United Kingdom,4011,439.18,97.51,0.0
13432,United Kingdom,4012,439.1,97.51,0.0
13358,United Kingdom,4013,439.03,97.51,0.0
13964,United Kingdom,4014,438.9,97.52,0.0
17729,United Kingdom,4015,438.65,97.52,0.0
15859,United Kingdom,4016,438.46,97.52,0.0
17807,United Kingdom,4017,437.87,97.52,0.0
12552,Italy,4018,437.82,97.53,0.0
17070,United Kingdom,4019,437.42,97.53,0.0
14846,United Kingdom,4020,437.4,97.53,0.0
12672,France,4021,437.05,97.53,0.0
14123,United Kingdom,4022,436.18,97.54,0.0
16084,United Kingdom,4023,436.18,97.54,0.0
16166,United Kingdom,4024,435.83,97.54,0.0
12445,Spain,4025,434.98,97.54,0.0
13738,United Kingdom,4026,434.78,97.55,0.0
15323,United Kingdom,4027,434.6,97.55,0.0
14910,United Kingdom,4028,434.35,97.55,0.0
14238,United Kingdom,4029,434.23,97.55,0.0
16888,United Kingdom,4030,434.2,97.56,0.0
14093,United Kingdom,4031,433.86,97.56,0.0
16939,United Kingdom,4032,433.85,97.56,0.0
18029,United Kingdom,4033,433.77,97.56,0.0
12493,France,4034,433.74,97.57,0.0
15613,United Kingdom,4035,433.72,97.57,0.0
16522,United Kingdom,4036,433.36,97.57,0.0
17178,United Kingdom,4037,432.96,97.57,0.0
17687,United Kingdom,4038,432.68,97.58,0.0
16604,United Kingdom,4039,432.45,97.58,0.0
16236,United Kingdom,4040,432.2,97.58,0.0
16881,United Kingdom,4041,432.0,97.58,0.0
14042,United Kingdom,4042,431.98,97.59,0.0
15488,United Kingdom,4043,431.92,97.59,0.0
17842,United Kingdom,4044,430.69,97.59,0.0
12452,Switzerland,4045,430.57,97.59,0.0
12795,Portugal,4046,430.48,97.6,0.0
12827,United Kingdom,4047,430.15,97.6,0.0
15450,United Kingdom,4048,429.84,97.6,0.0
15461,United Kingdom,4049,429.7,97.6,0.0
14979,United Kingdom,4050,429.66,97.6,0.0
15230,United Kingdom,4051,429.6,97.61,0.0
15036,United Kingdom,4052,429.56,97.61,0.0
13413,United Kingdom,4053,429.44,97.61,0.0
15888,United Kingdom,4054,429.16,97.61,0.0
15553,United Kingdom,4055,428.93,97.62,0.0
18089,United Kingdom,4056,428.45,97.62,0.0
15360,United Kingdom,4057,427.93,97.62,0.0
12740,France,4058,427.6,97.62,0.0
18285,United Kingdom,4059,427.0,97.63,0.0
17740,United Kingdom,4060,426.9,97.63,0.0
18152,United Kingdom,4061,426.69,97.63,0.0
15930,United Kingdom,4062,426.63,97.63,0.0
14288,United Kingdom,4063,426.6,97.64,0.0
15966,United Kingdom,4064,426.53,97.64,0.0
15217,United Kingdom,4065,426.24,97.64,0.0
14877,United Kingdom,4066,425.85,97.64,0.0
13703,United Kingdom,4067,425.56,97.65,0.0
17103,United Kingdom,4068,424.3,97.65,0.0
15545,United Kingdom,4069,424.3,97.65,0.0
16541,United Kingdom,4070,424.03,97.65,0.0
16913,United Kingdom,4071,423.91,97.66,0.0
17330,United Kingdom,4072,423.8,97.66,0.0
14097,United Kingdom,4073,422.86,97.66,0.0
13374,United Kingdom,4074,422.8,97.66,0.0
16137,United Kingdom,4075,422.7,97.67,0.0
16689,United Kingdom,4076,422.6,97.67,0.0
18240,United Kingdom,4077,422.58,97.67,0.0
16149,United Kingdom,4078,422.22,97.67,0.0
16773,United Kingdom,4079,421.24,97.67,0.0
14757,United Kingdom,4080,420.5,97.68,0.0
15206,United Kingdom,4081,420.3,97.68,0.0
15711,United Kingdom,4082,420.25,97.68,0.0
14575,United Kingdom,4083,420.22,97.68,0.0
13672,United Kingdom,4084,419.92,97.69,0.0
13442,United Kingdom,4085,419.87,97.69,0.0
13096,United Kingdom,4086,419.7,97.69,0.0
14124,United Kingdom,4087,419.58,97.69,0.0
13079,United Kingdom,4088,419.18,97.7,0.0
15262,United Kingdom,4089,418.82,97.7,0.0
12593,France,4090,418.1,97.7,0.0
13073,United Kingdom,4091,418.08,97.7,0.0
17701,United Kingdom,4092,417.95,97.71,0.0
17855,United Kingdom,4093,417.94,97.71,0.0
17232,United Kingdom,4094,417.77,97.71,0.0
16832,United Kingdom,4095,417.61,97.71,0.0
14762,United Kingdom,4096,417.57,97.72,0.0
12833,United Kingdom,4097,417.38,97.72,0.0
17258,United Kingdom,4098,417.3,97.72,0.0
16816,United Kingdom,4099,417.06,97.72,0.0
15935,United Kingdom,4100,416.86,97.72,0.0
16957,United Kingdom,4101,416.64,97.73,0.0
15011,United Kingdom,4102,416.6,97.73,0.0
16355,United Kingdom,4103,416.35,97.73,0.0
16356,United Kingdom,4104,415.87,97.73,0.0
12930,United Kingdom,4105,415.8,97.74,0.0
12608,United Kingdom,4106,415.79,97.74,0.0
15725,United Kingdom,4107,415.25,97.74,0.0
14333,United Kingdom,4108,415.2,97.74,0.0
16752,United Kingdom,4109,415.0,97.75,0.0
13565,United Kingdom,4110,414.8,97.75,0.0
18278,United Kingdom,4111,414.2,97.75,0.0
13002,United Kingdom,4112,414.13,97.75,0.0
13669,United Kingdom,4113,413.55,97.75,0.0
14082,United Kingdom,4114,413.36,97.76,0.0
17601,United Kingdom,4115,413.08,97.76,0.0
17767,United Kingdom,4116,413.05,97.76,0.0
17662,United Kingdom,4117,412.92,97.76,0.0
14620,United Kingdom,4118,412.78,97.77,0.0
16932,United Kingdom,4119,412.55,97.77,0.0
18050,United Kingdom,4120,412.06,97.77,0.0
16272,United Kingdom,4121,411.7,97.77,0.0
15960,United Kingdom,4122,410.95,97.78,0.0
15099,United Kingdom,4123,410.48,97.78,0.0
17598,United Kingdom,4124,409.98,97.78,0.0
13827,United Kingdom,4125,409.8,97.78,0.0
15894,United Kingdom,4126,409.69,97.79,0.0
14581,United Kingdom,4127,409.65,97.79,0.0
14348,United Kingdom,4128,409.57,97.79,0.0
15225,United Kingdom,4129,409.4,97.79,0.0
16864,United Kingdom,4130,409.25,97.79,0.0
16921,United Kingdom,4131,409.21,97.8,0.0
16243,United Kingdom,4132,409.1,97.8,0.0
13686,United Kingdom,4133,409.04,97.8,0.0
12974,United Kingdom,4134,408.95,97.8,0.0
16629,United Kingdom,4135,408.63,97.81,0.0
16324,United Kingdom,4136,408.59,97.81,0.0
17285,United Kingdom,4137,407.94,97.81,0.0
12353,Bahrain,4138,406.76,97.81,0.0
16632,United Kingdom,4139,406.4,97.82,0.0
17000,United Kingdom,4140,406.3,97.82,0.0
15342,United Kingdom,4141,406.09,97.82,0.0
12741,USA,4142,406.07,97.82,0.0
16815,United Kingdom,4143,406.02,97.82,0.0
18111,United Kingdom,4144,405.85,97.83,0.0
12922,United Kingdom,4145,405.38,97.83,0.0
13143,United Kingdom,4146,405.1,97.83,0.0
13640,United Kingdom,4147,405.0,97.83,0.0
15941,United Kingdom,4148,405.0,97.84,0.0
15968,United Kingdom,4149,404.55,97.84,0.0
13574,United Kingdom,4150,404.45,97.84,0.0
16319,United Kingdom,4151,404.4,97.84,0.0
16484,United Kingdom,4152,404.3,97.85,0.0
12498,Germany,4153,403.7,97.85,0.0
14678,United Kingdom,4154,403.39,97.85,0.0
17785,United Kingdom,4155,403.38,97.85,0.0
17431,United Kingdom,4156,403.3,97.85,0.0
13530,United Kingdom,4157,402.98,97.86,0.0
16315,United Kingdom,4158,402.71,97.86,0.0
15504,United Kingdom,4159,402.7,97.86,0.0
17094,United Kingdom,4160,402.2,97.86,0.0
16998,United Kingdom,4161,402.0,97.87,0.0
14494,United Kingdom,4162,401.46,97.87,0.0
14471,United Kingdom,4163,400.95,97.87,0.0
17168,United Kingdom,4164,400.2,97.87,0.0
14358,United Kingdom,4165,400.06,97.87,0.0
15501,United Kingdom,4166,399.95,97.88,0.0
15446,United Kingdom,4167,399.75,97.88,0.0
18164,United Kingdom,4168,399.65,97.88,0.0
13252,United Kingdom,4169,399.3,97.88,0.0
18128,United Kingdom,4170,399.29,97.89,0.0
17052,United Kingdom,4171,399.09,97.89,0.0
17830,United Kingdom,4172,398.7,97.89,0.0
15522,United Kingdom,4173,397.99,97.89,0.0
13352,United Kingdom,4174,397.98,97.89,0.0
12508,France,4175,397.88,97.9,0.0
15037,United Kingdom,4176,397.76,97.9,0.0
15280,United Kingdom,4177,397.52,97.9,0.0
15429,United Kingdom,4178,397.35,97.9,0.0
17789,United Kingdom,4179,397.15,97.91,0.0
12824,United Kingdom,4180,397.12,97.91,0.0
17486,United Kingdom,4181,396.87,97.91,0.0
13597,United Kingdom,4182,396.71,97.91,0.0
15883,United Kingdom,4183,396.48,97.92,0.0
17918,United Kingdom,4184,396.39,97.92,0.0
18067,United Kingdom,4185,396.33,97.92,0.0
15577,United Kingdom,4186,396.03,97.92,0.0
16893,United Kingdom,4187,395.82,97.92,0.0
13879,United Kingdom,4188,395.5,97.93,0.0
13083,United Kingdom,4189,395.43,97.93,0.0
12677,France,4190,395.1,97.93,0.0
16538,United Kingdom,4191,395.07,97.93,0.0
18048,United Kingdom,4192,394.93,97.94,0.0
16207,United Kingdom,4193,394.38,97.94,0.0
15386,United Kingdom,4194,394.14,97.94,0.0
12499,Germany,4195,393.72,97.94,0.0
17300,United Kingdom,4196,393.64,97.94,0.0
15345,United Kingdom,4197,393.54,97.95,0.0
15437,United Kingdom,4198,393.45,97.95,0.0
17563,United Kingdom,4199,392.38,97.95,0.0
18110,United Kingdom,4200,392.28,97.95,0.0
16827,United Kingdom,4201,392.13,97.96,0.0
16783,United Kingdom,4202,391.95,97.96,0.0
14072,United Kingdom,4203,390.85,97.96,0.0
14197,United Kingdom,4204,390.05,97.96,0.0
17116,United Kingdom,4205,389.78,97.96,0.0
18024,United Kingdom,4206,389.78,97.97,0.0
17379,United Kingdom,4207,389.72,97.97,0.0
14752,United Kingdom,4208,389.64,97.97,0.0
13345,United Kingdom,4209,389.5,97.97,0.0
17479,United Kingdom,4210,389.26,97.98,0.0
17286,United Kingdom,4211,389.18,97.98,0.0
12690,France,4212,389.01,97.98,0.0
18227,United Kingdom,4213,388.75,97.98,0.0
15592,United Kingdom,4214,388.58,97.98,0.0
13896,United Kingdom,4215,388.55,97.99,0.0
13899,United Kingdom,4216,388.52,97.99,0.0
13673,United Kingdom,4217,387.44,97.99,0.0
17771,United Kingdom,4218,387.41,97.99,0.0
17595,United Kingdom,4219,386.69,97.99,0.0
16148,United Kingdom,4220,386.62,98.0,0.0
17614,United Kingdom,4221,386.32,98.0,0.0
14779,United Kingdom,4222,386.15,98.0,0.0
13584,United Kingdom,4223,385.7,98.0,0.0
16492,United Kingdom,4224,385.56,98.01,0.0
12973,United Kingdom,4225,385.55,98.01,0.0
12889,United Kingdom,4226,385.46,98.01,0.0
12829,United Kingdom,4227,385.3,98.01,0.0
14826,United Kingdom,4228,385.2,98.01,0.0
17617,United Kingdom,4229,385.19,98.02,0.0
17711,United Kingdom,4230,385.1,98.02,0.0
17171,United Kingdom,4231,384.59,98.02,0.0
16868,United Kingdom,4232,384.56,98.02,0.0
16433,United Kingdom,4233,384.52,98.03,0.0
17357,United Kingdom,4234,384.39,98.03,0.0
13966,United Kingdom,4235,384.26,98.03,0.0
16982,United Kingdom,4236,384.06,98.03,0.0
14598,United Kingdom,4237,384.04,98.03,0.0
15155,United Kingdom,4238,383.97,98.04,0.0
13792,United Kingdom,4239,383.95,98.04,0.0
17804,United Kingdom,4240,383.78,98.04,0.0
12515,Italy,4241,383.7,98.04,0.0
15440,United Kingdom,4242,383.68,98.04,0.0
12547,Spain,4243,383.58,98.05,0.0
12832,United Kingdom,4244,383.03,98.05,0.0
13817,Germany,4245,382.98,98.05,0.0
17403,United Kingdom,4246,382.87,98.05,0.0
14767,United Kingdom,4247,382.81,98.06,0.0
16988,United Kingdom,4248,382.67,98.06,0.0
13657,United Kingdom,4249,382.14,98.06,0.0
17753,United Kingdom,4250,382.06,98.06,0.0
17250,United Kingdom,4251,381.97,98.06,0.0
14908,United Kingdom,4252,381.9,98.07,0.0
16304,United Kingdom,4253,381.66,98.07,0.0
15090,United Kingdom,4254,381.32,98.07,0.0
17393,United Kingdom,4255,381.15,98.07,0.0
17903,United Kingdom,4256,381.09,98.08,0.0
12796,Netherlands,4257,381.0,98.08,0.0
17573,United Kingdom,4258,380.6,98.08,0.0
17936,United Kingdom,4259,380.13,98.08,0.0
14731,United Kingdom,4260,380.02,98.08,0.0
16577,United Kingdom,4261,380.0,98.09,0.0
14200,United Kingdom,4262,379.2,98.09,0.0
16909,United Kingdom,4263,379.14,98.09,0.0
16930,United Kingdom,4264,378.89,98.09,0.0
13372,United Kingdom,4265,378.64,98.09,0.0
17078,United Kingdom,4266,378.2,98.1,0.0
12651,France,4267,377.75,98.1,0.0
12941,United Kingdom,4268,377.49,98.1,0.0
17736,United Kingdom,4269,377.44,98.1,0.0
17783,United Kingdom,4270,376.96,98.11,0.0
17717,United Kingdom,4271,376.92,98.11,0.0
16544,United Kingdom,4272,376.7,98.11,0.0
17489,United Kingdom,4273,376.64,98.11,0.0
14353,United Kingdom,4274,376.5,98.11,0.0
13997,United Kingdom,4275,376.46,98.12,0.0
14531,United Kingdom,4276,376.34,98.12,0.0
13688,United Kingdom,4277,375.5,98.12,0.0
14448,United Kingdom,4278,375.35,98.12,0.0
14294,United Kingdom,4279,375.34,98.12,0.0
14067,United Kingdom,4280,374.7,98.13,0.0
17912,United Kingdom,4281,374.55,98.13,0.0
17568,United Kingdom,4282,374.45,98.13,0.0
14736,United Kingdom,4283,374.05,98.13,0.0
13351,United Kingdom,4284,373.94,98.13,0.0
13283,United Kingdom,4285,373.36,98.14,0.0
17810,United Kingdom,4286,373.16,98.14,0.0
15337,United Kingdom,4287,373.02,98.14,0.0
13197,United Kingdom,4288,373.01,98.14,0.0
14981,United Kingdom,4289,372.92,98.15,0.0
12895,United Kingdom,4290,372.8,98.15,0.0
12544,Spain,4291,372.7,98.15,0.0
12981,United Kingdom,4292,372.22,98.15,0.0
13164,United Kingdom,4293,372.2,98.15,0.0
17245,United Kingdom,4294,371.63,98.16,0.0
18155,United Kingdom,4295,371.62,98.16,0.0
15472,United Kingdom,4296,371.56,98.16,0.0
18162,United Kingdom,4297,371.51,98.16,0.0
14950,United Kingdom,4298,371.2,98.16,0.0
15975,United Kingdom,4299,371.01,98.17,0.0
15063,United Kingdom,4300,370.8,98.17,0.0
15765,United Kingdom,4301,370.63,98.17,0.0
14168,United Kingdom,4302,370.45,98.17,0.0
15458,United Kingdom,4303,370.44,98.17,0.0
17437,United Kingdom,4304,369.68,98.18,0.0
16758,United Kingdom,4305,369.34,98.18,0.0
14888,United Kingdom,4306,369.2,98.18,0.0
14172,United Kingdom,4307,369.02,98.18,0.0
15477,United Kingdom,4308,368.4,98.19,0.0
17792,United Kingdom,4309,368.35,98.19,0.0
15989,United Kingdom,4310,368.31,98.19,0.0
14706,United Kingdom,4311,367.54,98.19,0.0
14018,United Kingdom,4312,367.15,98.19,0.0
14962,United Kingdom,4313,366.91,98.2,0.0
14244,United Kingdom,4314,366.42,98.2,0.0
12899,United Kingdom,4315,366.4,98.2,0.0
17911,United Kingdom,4316,366.23,98.2,0.0
16974,United Kingdom,4317,365.5,98.2,0.0
15029,United Kingdom,4318,365.1,98.21,0.0
13545,United Kingdom,4319,364.93,98.21,0.0
17536,United Kingdom,4320,364.83,98.21,0.0
14886,United Kingdom,4321,364.8,98.21,0.0
15949,United Kingdom,4322,364.72,98.21,0.0
15343,United Kingdom,4323,364.5,98.22,0.0
15915,United Kingdom,4324,364.45,98.22,0.0
14528,United Kingdom,4325,364.22,98.22,0.0
16509,United Kingdom,4326,363.7,98.22,0.0
14253,United Kingdom,4327,363.4,98.22,0.0
16078,United Kingdom,4328,362.99,98.23,0.0
16378,United Kingdom,4329,362.95,98.23,0.0
13962,United Kingdom,4330,362.8,98.23,0.0
14840,United Kingdom,4331,362.71,98.23,0.0
14122,United Kingdom,4332,362.42,98.23,0.0
17339,United Kingdom,4333,362.36,98.24,0.0
16052,United Kingdom,4334,362.06,98.24,0.0
13844,United Kingdom,4335,361.62,98.24,0.0
18119,United Kingdom,4336,361.4,98.24,0.0
16305,United Kingdom,4337,361.22,98.25,0.0
16448,United Kingdom,4338,361.12,98.25,0.0
13274,United Kingdom,4339,360.85,98.25,0.0
18091,United Kingdom,4340,360.85,98.25,0.0
17772,United Kingdom,4341,360.75,98.25,0.0
17012,United Kingdom,4342,360.61,98.26,0.0
17945,United Kingdom,4343,360.35,98.26,0.0
18208,United Kingdom,4344,360.08,98.26,0.0
13298,United Kingdom,4345,360.0,98.26,0.0
15008,United Kingdom,4346,360.0,98.26,0.0
13181,United Kingdom,4347,359.69,98.27,0.0
14926,United Kingdom,4348,359.4,98.27,0.0
14919,United Kingdom,4349,359.35,98.27,0.0
15120,United Kingdom,4350,358.82,98.27,0.0
17948,United Kingdom,4351,358.56,98.27,0.0
16856,United Kingdom,4352,358.49,98.28,0.0
17748,United Kingdom,4353,358.15,98.28,0.0
13228,United Kingdom,4354,358.0,98.28,0.0
16606,United Kingdom,4355,357.66,98.28,0.0
15595,United Kingdom,4356,357.6,98.28,0.0
12495,Sweden,4357,357.4,98.29,0.0
16971,United Kingdom,4358,357.21,98.29,0.0
18040,United Kingdom,4359,357.2,98.29,0.0
18273,United Kingdom,4360,357.0,98.29,0.0
14500,United Kingdom,4361,356.85,98.29,0.0
17200,United Kingdom,4362,356.71,98.3,0.0
15840,United Kingdom,4363,355.56,98.3,0.0
12996,United Kingdom,4364,355.5,98.3,0.0
16920,United Kingdom,4365,355.45,98.3,0.0
15863,United Kingdom,4366,355.1,98.3,0.0
14268,United Kingdom,4367,354.85,98.31,0.0
15986,United Kingdom,4368,354.42,98.31,0.0
12888,United Kingdom,4369,354.12,98.31,0.0
12845,United Kingdom,4370,354.09,98.31,0.0
16323,United Kingdom,4371,353.66,98.31,0.0
18003,United Kingdom,4372,353.51,98.32,0.0
13210,United Kingdom,4373,353.48,98.32,0.0
13343,United Kingdom,4374,353.43,98.32,0.0
14804,United Kingdom,4375,353.27,98.32,0.0
16382,United Kingdom,4376,353.1,98.32,0.0
16690,United Kingdom,4377,353.03,98.33,0.0
12617,France,4378,352.98,98.33,0.0
13765,United Kingdom,4379,352.82,98.33,0.0
16857,United Kingdom,4380,352.8,98.33,0.0
12566,Germany,4381,351.65,98.33,0.0
16192,United Kingdom,4382,351.3,98.34,0.0
13923,United Kingdom,4383,351.13,98.34,0.0
14252,United Kingdom,4384,350.99,98.34,0.0
13332,United Kingdom,4385,350.9,98.34,0.0
13281,United Kingdom,4386,350.85,98.34,0.0
15334,United Kingdom,4387,350.82,98.35,0.0
16476,United Kingdom,4388,350.35,98.35,0.0
12532,France,4389,349.83,98.35,0.0
13670,United Kingdom,4390,349.7,98.35,0.0
13887,United Kingdom,4391,349.55,98.35,0.0
18250,United Kingdom,4392,349.27,98.36,0.0
14545,United Kingdom,4393,349.25,98.36,0.0
17252,United Kingdom,4394,348.91,98.36,0.0
13790,United Kingdom,4395,348.8,98.36,0.0
17577,United Kingdom,4396,348.75,98.36,0.0
15282,United Kingdom,4397,348.59,98.37,0.0
16263,United Kingdom,4398,348.16,98.37,0.0
12760,Netherlands,4399,347.8,98.37,0.0
17668,United Kingdom,4400,347.75,98.37,0.0
15085,United Kingdom,4401,347.54,98.37,0.0
12441,France,4402,347.1,98.38,0.0
13062,United Kingdom,4403,346.98,98.38,0.0
12411,Australia,4404,346.9,98.38,0.0
17780,United Kingdom,4405,346.56,98.38,0.0
13234,United Kingdom,4406,346.5,98.38,0.0
16423,United Kingdom,4407,346.12,98.39,0.0
15781,United Kingdom,4408,345.46,98.39,0.0
13774,United Kingdom,4409,345.0,98.39,0.0
14633,United Kingdom,4410,344.9,98.39,0.0
18199,United Kingdom,4411,344.75,98.39,0.0
15519,United Kingdom,4412,344.61,98.39,0.0
17569,United Kingdom,4413,344.14,98.4,0.0
13068,United Kingdom,4414,344.0,98.4,0.0
16990,United Kingdom,4415,344.0,98.4,0.0
15047,United Kingdom,4416,343.62,98.4,0.0
15520,United Kingdom,4417,343.5,98.4,0.0
18081,United Kingdom,4418,343.45,98.41,0.0
12715,Sweden,4419,343.36,98.41,0.0
13519,United Kingdom,4420,343.21,98.41,0.0
17795,United Kingdom,4421,342.83,98.41,0.0
13550,United Kingdom,4422,342.55,98.41,0.0
16851,United Kingdom,4423,342.45,98.42,0.0
14989,United Kingdom,4424,342.4,98.42,0.0
17835,United Kingdom,4425,342.24,98.42,0.0
17660,United Kingdom,4426,342.22,98.42,0.0
14724,United Kingdom,4427,341.9,98.42,0.0
16826,United Kingdom,4428,341.7,98.43,0.0
16585,United Kingdom,4429,341.59,98.43,0.0
13347,United Kingdom,4430,341.36,98.43,0.0
13187,United Kingdom,4431,341.36,98.43,0.0
17928,United Kingdom,4432,341.24,98.43,0.0
16259,United Kingdom,4433,340.94,98.44,0.0
17542,United Kingdom,4434,340.85,98.44,0.0
16044,United Kingdom,4435,340.84,98.44,0.0
15818,United Kingdom,4436,340.5,98.44,0.0
12900,United Kingdom,4437,340.33,98.44,0.0
12698,Germany,4438,339.75,98.45,0.0
13737,United Kingdom,4439,339.6,98.45,0.0
14203,United Kingdom,4440,339.34,98.45,0.0
17697,United Kingdom,4441,338.95,98.45,0.0
14630,United Kingdom,4442,338.65,98.45,0.0
17833,United Kingdom,4443,338.46,98.45,0.0
14799,United Kingdom,4444,338.15,98.46,0.0
17296,United Kingdom,4445,338.13,98.46,0.0
12869,United Kingdom,4446,337.67,98.46,0.0
15942,United Kingdom,4447,337.44,98.46,0.0
12780,Netherlands,4448,337.4,98.46,0.0
13930,United Kingdom,4449,337.34,98.47,0.0
18269,United Kingdom,4450,337.2,98.47,0.0
17973,United Kingdom,4451,337.04,98.47,0.0
17488,United Kingdom,4452,336.5,98.47,0.0
15619,United Kingdom,4453,336.4,98.47,0.0
13482,United Kingdom,4454,336.09,98.48,0.0
17967,United Kingdom,4455,335.69,98.48,0.0
14196,United Kingdom,4456,335.52,98.48,0.0
16063,United Kingdom,4457,335.32,98.48,0.0
17917,United Kingdom,4458,335.03,98.48,0.0
12489,France,4459,334.93,98.49,0.0
17821,United Kingdom,4460,334.62,98.49,0.0
12350,Norway,4461,334.4,98.49,0.0
17607,United Kingdom,4462,333.81,98.49,0.0
13216,United Kingdom,4463,333.74,98.49,0.0
14241,United Kingdom,4464,333.7,98.49,0.0
16234,United Kingdom,4465,333.18,98.5,0.0
16006,United Kingdom,4466,332.82,98.5,0.0
14137,United Kingdom,4467,332.7,98.5,0.0
13904,United Kingdom,4468,332.64,98.5,0.0
16850,United Kingdom,4469,332.41,98.5,0.0
16803,United Kingdom,4470,332.3,98.51,0.0
16452,United Kingdom,4471,332.17,98.51,0.0
17647,United Kingdom,4472,331.66,98.51,0.0
15512,United Kingdom,4473,331.58,98.51,0.0
17435,United Kingdom,4474,331.35,98.51,0.0
16030,United Kingdom,4475,331.24,98.52,0.0
13981,United Kingdom,4476,331.14,98.52,0.0
16478,United Kingdom,4477,331.0,98.52,0.0
15878,United Kingdom,4478,330.77,98.52,0.0
17776,United Kingdom,4479,330.56,98.52,0.0
14517,United Kingdom,4480,330.45,98.52,0.0
12807,Sweden,4481,330.35,98.53,0.0
13010,United Kingdom,4482,330.12,98.53,0.0
15130,United Kingdom,4483,330.11,98.53,0.0
12850,United Kingdom,4484,330.0,98.53,0.0
18186,United Kingdom,4485,329.58,98.53,0.0
17518,United Kingdom,4486,329.42,98.54,0.0
17914,United Kingdom,4487,329.36,98.54,0.0
17154,United Kingdom,4488,329.34,98.54,0.0
15153,United Kingdom,4489,329.25,98.54,0.0
15979,United Kingdom,4490,329.22,98.54,0.0
16286,United Kingdom,4491,328.95,98.55,0.0
14012,United Kingdom,4492,328.8,98.55,0.0
16855,United Kingdom,4493,328.4,98.55,0.0
15213,United Kingdom,4494,328.35,98.55,0.0
14747,United Kingdom,4495,328.2,98.55,0.0
16318,United Kingdom,4496,328.15,98.55,0.0
15709,United Kingdom,4497,327.85,98.56,0.0
17196,United Kingdom,4498,327.75,98.56,0.0
15735,United Kingdom,4499,327.68,98.56,0.0
13498,United Kingdom,4500,327.38,98.56,0.0
16322,United Kingdom,4501,326.75,98.56,0.0
12460,Belgium,4502,326.65,98.57,0.0
13646,United Kingdom,4503,326.25,98.57,0.0
18047,United Kingdom,4504,326.09,98.57,0.0
17439,United Kingdom,4505,325.74,98.57,0.0
12804,Netherlands,4506,325.37,98.57,0.0
13661,United Kingdom,4507,325.24,98.57,0.0
15670,United Kingdom,4508,325.2,98.58,0.0
13801,United Kingdom,4509,324.8,98.58,0.0
15982,United Kingdom,4510,324.51,98.58,0.0
12946,United Kingdom,4511,324.45,98.58,0.0
16685,United Kingdom,4512,324.24,98.58,0.0
18261,United Kingdom,4513,324.24,98.59,0.0
13834,United Kingdom,4514,324.19,98.59,0.0
17440,United Kingdom,4515,323.58,98.59,0.0
13025,United Kingdom,4516,323.39,98.59,0.0
16195,United Kingdom,4517,323.25,98.59,0.0
14263,United Kingdom,4518,322.93,98.59,0.0
16627,United Kingdom,4519,322.8,98.6,0.0
14832,United Kingdom,4520,322.69,98.6,0.0
16342,United Kingdom,4521,322.41,98.6,0.0
14424,United Kingdom,4522,322.08,98.6,0.0
15726,United Kingdom,4523,321.91,98.6,0.0
18090,United Kingdom,4524,321.9,98.61,0.0
13111,United Kingdom,4525,321.88,98.61,0.0
17471,United Kingdom,4526,321.65,98.61,0.0
14070,United Kingdom,4527,321.6,98.61,0.0
15770,United Kingdom,4528,321.45,98.61,0.0
14823,United Kingdom,4529,321.43,98.61,0.0
17182,United Kingdom,4530,321.3,98.62,0.0
15869,United Kingdom,4531,321.11,98.62,0.0
15236,United Kingdom,4532,321.05,98.62,0.0
15432,United Kingdom,4533,320.76,98.62,0.0
14622,United Kingdom,4534,320.58,98.62,0.0
13986,United Kingdom,4535,320.46,98.63,0.0
17843,United Kingdom,4536,320.4,98.63,0.0
17309,United Kingdom,4537,320.39,98.63,0.0
16683,United Kingdom,4538,320.25,98.63,0.0
13942,United Kingdom,4539,320.0,98.63,0.0
13843,United Kingdom,4540,319.75,98.63,0.0
16436,United Kingdom,4541,319.14,98.64,0.0
16967,United Kingdom,4542,319.02,98.64,0.0
17229,United Kingdom,4543,318.76,98.64,0.0
16273,United Kingdom,4544,318.34,98.64,0.0
15682,United Kingdom,4545,318.24,98.64,0.0
14703,United Kingdom,4546,318.17,98.65,0.0
17839,United Kingdom,4547,318.15,98.65,0.0
18253,United Kingdom,4548,317.88,98.65,0.0
17267,United Kingdom,4549,317.2,98.65,0.0
15616,United Kingdom,4550,317.11,98.65,0.0
17689,United Kingdom,4551,317.08,98.65,0.0
16761,United Kingdom,4552,316.62,98.66,0.0
15204,United Kingdom,4553,316.58,98.66,0.0
12529,France,4554,316.48,98.66,0.0
13494,United Kingdom,4555,316.26,98.66,0.0
17408,United Kingdom,4556,316.09,98.66,0.0
18117,United Kingdom,4557,315.65,98.67,0.0
12614,Germany,4558,315.6,98.67,0.0
15042,United Kingdom,4559,315.45,98.67,0.0
16091,United Kingdom,4560,315.06,98.67,0.0
17121,United Kingdom,4561,314.74,98.67,0.0
14991,United Kingdom,4562,314.67,98.67,0.0
18206,United Kingdom,4563,314.66,98.68,0.0
12650,France,4564,314.44,98.68,0.0
18070,United Kingdom,4565,314.1,98.68,0.0
15873,United Kingdom,4566,313.92,98.68,0.0
15196,United Kingdom,4567,313.7,98.68,0.0
13087,United Kingdom,4568,313.64,98.69,0.0
16582,United Kingdom,4569,313.62,98.69,0.0
12665,Germany,4570,313.6,98.69,0.0
13845,United Kingdom,4571,312.98,98.69,0.0
15162,United Kingdom,4572,312.9,98.69,0.0
13905,United Kingdom,4573,312.65,98.69,0.0
15318,United Kingdom,4574,312.62,98.7,0.0
13226,United Kingdom,4575,312.46,98.7,0.0
12834,United Kingdom,4576,312.38,98.7,0.0
17326,United Kingdom,4577,312.35,98.7,0.0
14094,United Kingdom,4578,311.77,98.7,0.0
14951,United Kingdom,4579,311.69,98.7,0.0
12852,United Kingdom,4580,311.55,98.71,0.0
13990,United Kingdom,4581,311.3,98.71,0.0
15724,United Kingdom,4582,310.85,98.71,0.0
13400,United Kingdom,4583,310.83,98.71,0.0
16328,United Kingdom,4584,310.83,98.71,0.0
13847,United Kingdom,4585,310.72,98.71,0.0
16439,United Kingdom,4586,310.7,98.72,0.0
12738,Germany,4587,310.7,98.72,0.0
15185,United Kingdom,4588,310.62,98.72,0.0
14848,United Kingdom,4589,310.56,98.72,0.0
15308,United Kingdom,4590,310.47,98.72,0.0
15188,United Kingdom,4591,310.43,98.73,0.0
13315,United Kingdom,4592,310.26,98.73,0.0
14749,United Kingdom,4593,310.15,98.73,0.0
13628,United Kingdom,4594,310.14,98.73,0.0
15699,United Kingdom,4595,309.65,98.73,0.0
16373,United Kingdom,4596,309.49,98.73,0.0
12884,United Kingdom,4597,309.05,98.74,0.0
15010,United Kingdom,4598,308.94,98.74,0.0
16956,United Kingdom,4599,308.74,98.74,0.0
16194,United Kingdom,4600,308.6,98.74,0.0
14181,United Kingdom,4601,308.35,98.74,0.0
14927,United Kingdom,4602,308.2,98.74,0.0
15302,United Kingdom,4603,308.0,98.75,0.0
15778,United Kingdom,4604,307.95,98.75,0.0
13289,United Kingdom,4605,307.95,98.75,0.0
16123,United Kingdom,4606,307.78,98.75,0.0
13529,United Kingdom,4607,307.76,98.75,0.0
14777,United Kingdom,4608,307.56,98.76,0.0
13060,United Kingdom,4609,307.53,98.76,0.0
17120,United Kingdom,4610,307.46,98.76,0.0
13932,United Kingdom,4611,307.4,98.76,0.0
15374,United Kingdom,4612,307.32,98.76,0.0
14783,United Kingdom,4613,307.3,98.76,0.0
17721,United Kingdom,4614,307.21,98.77,0.0
13036,United Kingdom,4615,307.1,98.77,0.0
13142,United Kingdom,4616,307.09,98.77,0.0
15087,United Kingdom,4617,306.94,98.77,0.0
13660,United Kingdom,4618,306.64,98.77,0.0
16649,United Kingdom,4619,306.58,98.77,0.0
13718,United Kingdom,4620,306.55,98.78,0.0
18059,United Kingdom,4621,306.46,98.78,0.0
16524,United Kingdom,4622,306.19,98.78,0.0
17077,United Kingdom,4623,306.0,98.78,0.0
15454,United Kingdom,4624,305.99,98.78,0.0
15135,United Kingdom,4625,305.68,98.78,0.0
16796,United Kingdom,4626,305.62,98.79,0.0
16181,United Kingdom,4627,305.54,98.79,0.0
13383,United Kingdom,4628,305.28,98.79,0.0
15893,United Kingdom,4629,305.28,98.79,0.0
15163,United Kingdom,4630,304.47,98.79,0.0
16217,United Kingdom,4631,304.25,98.8,0.0
18185,United Kingdom,4632,304.25,98.8,0.0
16674,United Kingdom,4633,304.24,98.8,0.0
17688,United Kingdom,4634,304.2,98.8,0.0
14990,United Kingdom,4635,304.17,98.8,0.0
17383,United Kingdom,4636,304.09,98.8,0.0
16489,United Kingdom,4637,303.7,98.81,0.0
14791,United Kingdom,4638,303.63,98.81,0.0
14806,United Kingdom,4639,303.43,98.81,0.0
18255,United Kingdom,4640,303.15,98.81,0.0
16425,United Kingdom,4641,302.7,98.81,0.0
14043,United Kingdom,4642,302.6,98.81,0.0
18165,United Kingdom,4643,302.46,98.82,0.0
17506,United Kingdom,4644,302.2,98.82,0.0
15054,United Kingdom,4645,302.1,98.82,0.0
15242,United Kingdom,4646,302.04,98.82,0.0
16297,United Kingdom,4647,301.9,98.82,0.0
13773,United Kingdom,4648,301.54,98.82,0.0
15667,United Kingdom,4649,301.32,98.83,0.0
15148,United Kingdom,4650,301.29,98.83,0.0
13625,United Kingdom,4651,301.26,98.83,0.0
16437,United Kingdom,4652,301.25,98.83,0.0
12351,Unspecified,4653,300.93,98.83,0.0
16479,United Kingdom,4654,300.83,98.83,0.0
16050,United Kingdom,4655,300.7,98.84,0.0
17556,United Kingdom,4656,300.67,98.84,0.0
17793,United Kingdom,4657,300.34,98.84,0.0
14797,United Kingdom,4658,300.31,98.84,0.0
17991,United Kingdom,4659,300.3,98.84,0.0
17766,United Kingdom,4660,299.61,98.84,0.0
12864,United Kingdom,4661,299.57,98.85,0.0
13346,United Kingdom,4662,299.4,98.85,0.0
17898,United Kingdom,4663,299.18,98.85,0.0
13667,United Kingdom,4664,299.05,98.85,0.0
12595,Germany,4665,299.02,98.85,0.0
15609,United Kingdom,4666,298.48,98.85,0.0
17824,United Kingdom,4667,298.4,98.86,0.0
12881,United Kingdom,4668,298.0,98.86,0.0
18018,United Kingdom,4669,297.99,98.86,0.0
14835,United Kingdom,4670,297.0,98.86,0.0
17627,United Kingdom,4671,296.36,98.86,0.0
13751,United Kingdom,4672,296.25,98.86,0.0
12898,United Kingdom,4673,296.21,98.87,0.0
13504,United Kingdom,4674,295.93,98.87,0.0
14269,United Kingdom,4675,295.73,98.87,0.0
14614,United Kingdom,4676,295.13,98.87,0.0
16252,United Kingdom,4677,295.09,98.87,0.0
16579,United Kingdom,4678,295.05,98.87,0.0
17057,United Kingdom,4679,294.74,98.88,0.0
17301,United Kingdom,4680,294.39,98.88,0.0
15060,United Kingdom,4681,294.25,98.88,0.0
17124,United Kingdom,4682,294.24,98.88,0.0
17927,United Kingdom,4683,294.0,98.88,0.0
15718,United Kingdom,4684,293.79,98.88,0.0
14192,United Kingdom,4685,293.74,98.89,0.0
15928,United Kingdom,4686,293.53,98.89,0.0
17710,United Kingdom,4687,293.5,98.89,0.0
17441,United Kingdom,4688,293.35,98.89,0.0
17207,United Kingdom,4689,292.62,98.89,0.0
16721,United Kingdom,4690,292.47,98.89,0.0
16543,United Kingdom,4691,292.21,98.9,0.0
13739,United Kingdom,4692,292.2,98.9,0.0
14985,United Kingdom,4693,292.01,98.9,0.0
13449,United Kingdom,4694,291.88,98.9,0.0
17907,United Kingdom,4695,291.76,98.9,0.0
17882,United Kingdom,4696,291.56,98.9,0.0
16615,United Kingdom,4697,291.5,98.91,0.0
18182,United Kingdom,4698,291.13,98.91,0.0
17551,United Kingdom,4699,290.34,98.91,0.0
15391,United Kingdom,4700,289.87,98.91,0.0
16897,United Kingdom,4701,289.78,98.91,0.0
13796,United Kingdom,4702,289.7,98.91,0.0
15962,United Kingdom,4703,289.48,98.92,0.0
15041,United Kingdom,4704,289.4,98.92,0.0
14162,United Kingdom,4705,289.36,98.92,0.0
17501,United Kingdom,4706,288.6,98.92,0.0
16808,United Kingdom,4707,288.42,98.92,0.0
16432,United Kingdom,4708,287.4,98.92,0.0
17497,United Kingdom,4709,287.25,98.93,0.0
13508,United Kingdom,4710,287.05,98.93,0.0
14660,United Kingdom,4711,285.74,98.93,0.0
14402,United Kingdom,4712,285.6,98.93,0.0
17636,United Kingdom,4713,285.56,98.93,0.0
16890,United Kingdom,4714,285.41,98.93,0.0
13708,United Kingdom,4715,285.33,98.94,0.0
12487,Sweden,4716,285.3,98.94,0.0
16429,United Kingdom,4717,284.55,98.94,0.0
15445,United Kingdom,4718,284.5,98.94,0.0
17359,United Kingdom,4719,284.46,98.94,0.0
15354,United Kingdom,4720,284.4,98.94,0.0
13616,United Kingdom,4721,283.85,98.95,0.0
15662,United Kingdom,4722,283.73,98.95,0.0
13121,United Kingdom,4723,283.73,98.95,0.0
13909,United Kingdom,4724,282.85,98.95,0.0
15936,United Kingdom,4725,282.79,98.95,0.0
13511,United Kingdom,4726,282.76,98.95,0.0
12771,Portugal,4727,282.3,98.95,0.0
16557,United Kingdom,4728,281.85,98.96,0.0
13326,United Kingdom,4729,281.76,98.96,0.0
13679,United Kingdom,4730,281.26,98.96,0.0
18042,United Kingdom,4731,281.15,98.96,0.0
15772,United Kingdom,4732,280.88,98.96,0.0
12851,United Kingdom,4733,280.76,98.96,0.0
13080,United Kingdom,4734,280.73,98.97,0.0
14433,United Kingdom,4735,280.7,98.97,0.0
14242,United Kingdom,4736,280.55,98.97,0.0
13581,United Kingdom,4737,280.53,98.97,0.0
17247,United Kingdom,4738,280.09,98.97,0.0
15556,United Kingdom,4739,279.77,98.97,0.0
14183,United Kingdom,4740,278.34,98.98,0.0
14764,United Kingdom,4741,278.3,98.98,0.0
14303,United Kingdom,4742,277.94,98.98,0.0
15338,United Kingdom,4743,277.93,98.98,0.0
15355,United Kingdom,4744,277.05,98.98,0.0
13606,United Kingdom,4745,276.75,98.98,0.0
13272,United Kingdom,4746,276.56,98.98,0.0
12750,Poland,4747,275.88,98.99,0.0
13399,United Kingdom,4748,275.4,98.99,0.0
16313,United Kingdom,4749,274.15,98.99,0.0
12789,Netherlands,4750,273.35,98.99,0.0
17072,United Kingdom,4751,273.35,98.99,0.0
13307,United Kingdom,4752,273.34,98.99,0.0
17355,United Kingdom,4753,273.31,99.0,0.0
13861,United Kingdom,4754,273.26,99.0,0.0
17498,United Kingdom,4755,272.22,99.0,0.0
13917,United Kingdom,4756,272.04,99.0,0.0
14816,United Kingdom,4757,271.85,99.0,0.0
17292,United Kingdom,4758,271.75,99.0,0.0
14436,United Kingdom,4759,271.7,99.01,0.0
13058,United Kingdom,4760,271.4,99.01,0.0
15943,United Kingdom,4761,271.29,99.01,0.0
17278,United Kingdom,4762,271.24,99.01,0.0
18238,United Kingdom,4763,270.92,99.01,0.0
14520,United Kingdom,4764,270.6,99.01,0.0
16757,United Kingdom,4765,270.48,99.01,0.0
12558,USA,4766,269.96,99.02,0.0
18267,United Kingdom,4767,269.37,99.02,0.0
15964,United Kingdom,4768,269.21,99.02,0.0
13533,United Kingdom,4769,269.09,99.02,0.0
17264,United Kingdom,4770,268.28,99.02,0.0
12751,Brazil,4771,268.27,99.02,0.0
18254,United Kingdom,4772,267.9,99.02,0.0
14039,United Kingdom,4773,267.28,99.03,0.0
15408,United Kingdom,4774,267.18,99.03,0.0
15320,United Kingdom,4775,267.13,99.03,0.0
15517,United Kingdom,4776,267.03,99.03,0.0
15423,United Kingdom,4777,266.89,99.03,0.0
17786,United Kingdom,4778,266.85,99.03,0.0
14863,United Kingdom,4779,266.76,99.04,0.0
13837,United Kingdom,4780,266.59,99.04,0.0
14392,United Kingdom,4781,266.4,99.04,0.0
15119,United Kingdom,4782,266.4,99.04,0.0
12962,United Kingdom,4783,266.39,99.04,0.0
13973,United Kingdom,4784,264.7,99.04,0.0
16334,United Kingdom,4785,263.73,99.04,0.0
13128,United Kingdom,4786,263.5,99.05,0.0
16089,United Kingdom,4787,263.49,99.05,0.0
12892,United Kingdom,4788,263.38,99.05,0.0
17808,United Kingdom,4789,262.64,99.05,0.0
13331,United Kingdom,4790,262.4,99.05,0.0
17910,United Kingdom,4791,261.7,99.05,0.0
14957,United Kingdom,4792,261.69,99.05,0.0
12655,France,4793,261.35,99.06,0.0
13189,United Kingdom,4794,260.68,99.06,0.0
17901,United Kingdom,4795,260.08,99.06,0.0
17022,United Kingdom,4796,260.0,99.06,0.0
16733,United Kingdom,4797,259.68,99.06,0.0
17558,United Kingdom,4798,259.17,99.06,0.0
13127,United Kingdom,4799,259.17,99.07,0.0
17219,United Kingdom,4800,259.13,99.07,0.0
15536,United Kingdom,4801,259.09,99.07,0.0
14526,United Kingdom,4802,258.65,99.07,0.0
13683,United Kingdom,4803,258.6,99.07,0.0
16502,United Kingdom,4804,258.55,99.07,0.0
13227,United Kingdom,4805,257.7,99.07,0.0
15014,United Kingdom,4806,257.67,99.08,0.0
16542,United Kingdom,4807,257.32,99.08,0.0
15503,United Kingdom,4808,257.3,99.08,0.0
15852,United Kingdom,4809,257.26,99.08,0.0
14483,United Kingdom,4810,257.1,99.08,0.0
15404,United Kingdom,4811,257.06,99.08,0.0
14876,United Kingdom,4812,256.7,99.08,0.0
14274,United Kingdom,4813,256.6,99.09,0.0
12430,Norway,4814,256.4,99.09,0.0
13806,United Kingdom,4815,256.38,99.09,0.0
17896,United Kingdom,4816,256.32,99.09,0.0
17385,United Kingdom,4817,256.11,99.09,0.0
13825,United Kingdom,4818,255.59,99.09,0.0
14881,United Kingdom,4819,255.4,99.09,0.0
16911,United Kingdom,4820,255.25,99.1,0.0
12746,United Kingdom,4821,254.55,99.1,0.0
12604,France,4822,254.18,99.1,0.0
15923,United Kingdom,4823,254.16,99.1,0.0
14765,United Kingdom,4824,254.11,99.1,0.0
17626,United Kingdom,4825,254.0,99.1,0.0
16845,United Kingdom,4826,253.88,99.1,0.0
13250,United Kingdom,4827,253.09,99.11,0.0
17992,United Kingdom,4828,252.88,99.11,0.0
15019,United Kingdom,4829,252.81,99.11,0.0
15035,United Kingdom,4830,252.73,99.11,0.0
13251,United Kingdom,4831,252.68,99.11,0.0
16908,United Kingdom,4832,252.59,99.11,0.0
15552,United Kingdom,4833,252.52,99.11,0.0
16074,United Kingdom,4834,252.5,99.12,0.0
13404,United Kingdom,4835,252.49,99.12,0.0
13645,United Kingdom,4836,252.1,99.12,0.0
17210,United Kingdom,4837,251.72,99.12,0.0
16453,United Kingdom,4838,251.71,99.12,0.0
16976,United Kingdom,4839,251.52,99.12,0.0
14501,United Kingdom,4840,251.21,99.12,0.0
14166,United Kingdom,4841,251.15,99.13,0.0
18266,United Kingdom,4842,251.1,99.13,0.0
16962,United Kingdom,4843,251.04,99.13,0.0
15231,United Kingdom,4844,250.26,99.13,0.0
17303,United Kingdom,4845,250.04,99.13,0.0
15510,United Kingdom,4846,250.0,99.13,0.0
13747,United Kingdom,4847,249.4,99.13,0.0
12563,Italy,4848,249.24,99.14,0.0
13061,United Kingdom,4849,248.61,99.14,0.0
13592,United Kingdom,4850,247.96,99.14,0.0
16381,United Kingdom,4851,247.85,99.14,0.0
15293,United Kingdom,4852,247.5,99.14,0.0
18072,United Kingdom,4853,247.44,99.14,0.0
13349,United Kingdom,4854,247.32,99.14,0.0
14658,United Kingdom,4855,247.15,99.15,0.0
14654,United Kingdom,4856,246.86,99.15,0.0
15697,United Kingdom,4857,246.75,99.15,0.0
13943,United Kingdom,4858,246.54,99.15,0.0
15378,United Kingdom,4859,246.5,99.15,0.0
15495,United Kingdom,4860,246.5,99.15,0.0
15783,United Kingdom,4861,246.3,99.15,0.0
18153,United Kingdom,4862,246.22,99.16,0.0
16778,United Kingdom,4863,245.94,99.16,0.0
14325,United Kingdom,4864,245.48,99.16,0.0
14281,United Kingdom,4865,245.15,99.16,0.0
12660,France,4866,245.1,99.16,0.0
15118,United Kingdom,4867,244.8,99.16,0.0
15884,United Kingdom,4868,244.6,99.16,0.0
16528,United Kingdom,4869,244.41,99.16,0.0
18002,United Kingdom,4870,244.37,99.17,0.0
14694,United Kingdom,4871,244.31,99.17,0.0
13551,United Kingdom,4872,244.2,99.17,0.0
17892,United Kingdom,4873,244.1,99.17,0.0
13676,United Kingdom,4874,243.9,99.17,0.0
16793,United Kingdom,4875,243.84,99.17,0.0
13886,United Kingdom,4876,243.56,99.17,0.0
16215,United Kingdom,4877,242.35,99.18,0.0
15543,United Kingdom,4878,242.26,99.18,0.0
17009,United Kingdom,4879,242.06,99.18,0.0
13445,United Kingdom,4880,241.9,99.18,0.0
13582,United Kingdom,4881,241.68,99.18,0.0
15776,United Kingdom,4882,241.62,99.18,0.0
14774,United Kingdom,4883,241.45,99.18,0.0
14523,United Kingdom,4884,241.09,99.19,0.0
16427,United Kingdom,4885,241.06,99.19,0.0
16508,United Kingdom,4886,240.95,99.19,0.0
13674,United Kingdom,4887,240.68,99.19,0.0
15286,United Kingdom,4888,240.55,99.19,0.0
15336,United Kingdom,4889,240.5,99.19,0.0
15931,United Kingdom,4890,239.9,99.19,0.0
15690,United Kingdom,4891,239.76,99.19,0.0
13570,United Kingdom,4892,239.49,99.2,0.0
13789,United Kingdom,4893,239.46,99.2,0.0
17684,United Kingdom,4894,239.41,99.2,0.0
12663,Germany,4895,239.4,99.2,0.0
17981,United Kingdom,4896,239.12,99.2,0.0
13275,United Kingdom,4897,238.86,99.2,0.0
12561,Germany,4898,238.85,99.2,0.0
12718,France,4899,238.25,99.21,0.0
16280,United Kingdom,4900,238.05,99.21,0.0
14982,United Kingdom,4901,237.78,99.21,0.0
17877,United Kingdom,4902,237.61,99.21,0.0
14586,United Kingdom,4903,237.36,99.21,0.0
15457,United Kingdom,4904,237.07,99.21,0.0
12732,France,4905,236.26,99.21,0.0
13088,United Kingdom,4906,236.11,99.22,0.0
16026,United Kingdom,4907,236.09,99.22,0.0
17093,United Kingdom,4908,235.88,99.22,0.0
17872,United Kingdom,4909,235.87,99.22,0.0
16046,United Kingdom,4910,235.78,99.22,0.0
12392,Australia,4911,234.75,99.22,0.0
13114,United Kingdom,4912,234.38,99.22,0.0
14473,United Kingdom,4913,234.34,99.22,0.0
17060,United Kingdom,4914,234.24,99.23,0.0
12736,France,4915,234.0,99.23,0.0
13009,United Kingdom,4916,234.0,99.23,0.0
13348,United Kingdom,4917,233.76,99.23,0.0
14153,United Kingdom,4918,233.4,99.23,0.0
15294,United Kingdom,4919,233.35,99.23,0.0
13129,United Kingdom,4920,233.25,99.23,0.0
16302,United Kingdom,4921,233.22,99.24,0.0
17055,United Kingdom,4922,232.85,99.24,0.0
13678,United Kingdom,4923,232.6,99.24,0.0
18213,United Kingdom,4924,232.48,99.24,0.0
13608,United Kingdom,4925,232.05,99.24,0.0
14995,United Kingdom,4926,231.98,99.24,0.0
16408,United Kingdom,4927,231.93,99.24,0.0
17151,United Kingdom,4928,231.9,99.24,0.0
17136,United Kingdom,4929,231.68,99.25,0.0
18279,United Kingdom,4930,231.34,99.25,0.0
15487,United Kingdom,4931,231.32,99.25,0.0
18030,United Kingdom,4932,230.65,99.25,0.0
17125,United Kingdom,4933,230.5,99.25,0.0
13960,United Kingdom,4934,230.22,99.25,0.0
18197,United Kingdom,4935,230.1,99.25,0.0
14314,United Kingdom,4936,229.8,99.25,0.0
14017,United Kingdom,4937,229.75,99.26,0.0
12812,Japan,4938,229.64,99.26,0.0
13403,United Kingdom,4939,229.5,99.26,0.0
17185,United Kingdom,4940,229.46,99.26,0.0
15528,United Kingdom,4941,229.33,99.26,0.0
17743,United Kingdom,4942,229.2,99.26,0.0
15273,United Kingdom,4943,228.96,99.26,0.0
17347,United Kingdom,4944,228.96,99.27,0.0
13146,United Kingdom,4945,228.91,99.27,0.0
17066,United Kingdom,4946,228.34,99.27,0.0
14458,United Kingdom,4947,228.07,99.27,0.0
16760,United Kingdom,4948,228.0,99.27,0.0
15566,United Kingdom,4949,227.87,99.27,0.0
14363,United Kingdom,4950,227.47,99.27,0.0
17868,United Kingdom,4951,227.15,99.27,0.0
16740,United Kingdom,4952,226.91,99.28,0.0
15451,United Kingdom,4953,226.86,99.28,0.0
13651,United Kingdom,4954,226.85,99.28,0.0
18005,United Kingdom,4955,226.47,99.28,0.0
14718,United Kingdom,4956,226.42,99.28,0.0
17993,United Kingdom,4957,225.99,99.28,0.0
14069,United Kingdom,4958,225.81,99.28,0.0
17915,United Kingdom,4959,225.78,99.28,0.0
16622,United Kingdom,4960,225.4,99.29,0.0
16587,United Kingdom,4961,225.15,99.29,0.0
14357,United Kingdom,4962,225.12,99.29,0.0
13619,United Kingdom,4963,224.94,99.29,0.0
16346,United Kingdom,4964,224.51,99.29,0.0
15175,United Kingdom,4965,224.14,99.29,0.0
12914,United Kingdom,4966,223.98,99.29,0.0
16753,United Kingdom,4967,223.92,99.29,0.0
14928,United Kingdom,4968,223.91,99.3,0.0
16562,United Kingdom,4969,223.86,99.3,0.0
13926,United Kingdom,4970,223.85,99.3,0.0
18131,United Kingdom,4971,222.96,99.3,0.0
12887,United Kingdom,4972,222.4,99.3,0.0
14596,United Kingdom,4973,222.22,99.3,0.0
15788,United Kingdom,4974,221.83,99.3,0.0
14445,United Kingdom,4975,221.65,99.3,0.0
17261,United Kingdom,4976,221.59,99.31,0.0
17087,United Kingdom,4977,221.53,99.31,0.0
14960,United Kingdom,4978,221.27,99.31,0.0
13419,United Kingdom,4979,221.06,99.31,0.0
12821,United Kingdom,4980,220.8,99.31,0.0
16482,United Kingdom,4981,220.62,99.31,0.0
13033,United Kingdom,4982,220.55,99.31,0.0
18132,United Kingdom,4983,220.13,99.31,0.0
18114,United Kingdom,4984,220.1,99.32,0.0
13454,United Kingdom,4985,219.87,99.32,0.0
13992,United Kingdom,4986,219.5,99.32,0.0
14074,United Kingdom,4987,219.4,99.32,0.0
15096,United Kingdom,4988,219.39,99.32,0.0
12799,Japan,4989,219.35,99.32,0.0
12702,Germany,4990,219.0,99.32,0.0
15790,United Kingdom,4991,218.75,99.32,0.0
15086,United Kingdom,4992,218.53,99.33,0.0
12574,France,4993,218.45,99.33,0.0
15591,United Kingdom,4994,217.9,99.33,0.0
16035,United Kingdom,4995,217.73,99.33,0.0
16666,United Kingdom,4996,217.71,99.33,0.0
15554,United Kingdom,4997,217.2,99.33,0.0
13423,United Kingdom,4998,217.03,99.33,0.0
15401,United Kingdom,4999,216.95,99.33,0.0
18021,United Kingdom,5000,216.41,99.34,0.0
17902,United Kingdom,5001,216.4,99.34,0.0
15604,United Kingdom,5002,216.39,99.34,0.0
13858,United Kingdom,5003,216.17,99.34,0.0
16179,United Kingdom,5004,215.83,99.34,0.0
16189,United Kingdom,5005,215.48,99.34,0.0
14376,United Kingdom,5006,215.46,99.34,0.0
18007,United Kingdom,5007,215.22,99.34,0.0
14635,United Kingdom,5008,215.22,99.35,0.0
16338,United Kingdom,5009,214.8,99.35,0.0
14106,United Kingdom,5010,214.8,99.35,0.0
14361,United Kingdom,5011,214.71,99.35,0.0
17619,United Kingdom,5012,214.37,99.35,0.0
15460,United Kingdom,5013,214.26,99.35,0.0
14271,United Kingdom,5014,214.18,99.35,0.0
14601,United Kingdom,5015,213.96,99.35,0.0
18157,United Kingdom,5016,213.9,99.36,0.0
13621,United Kingdom,5017,213.85,99.36,0.0
17153,United Kingdom,5018,213.78,99.36,0.0
13411,United Kingdom,5019,213.55,99.36,0.0
16591,United Kingdom,5020,213.5,99.36,0.0
13724,United Kingdom,5021,213.01,99.36,0.0
13691,United Kingdom,5022,212.78,99.36,0.0
12961,United Kingdom,5023,211.99,99.36,0.0
12470,Unspecified,5024,211.95,99.36,0.0
15866,United Kingdom,5025,211.89,99.37,0.0
14843,United Kingdom,5026,211.8,99.37,0.0
15703,United Kingdom,5027,211.5,99.37,0.0
13271,United Kingdom,5028,211.49,99.37,0.0
12995,United Kingdom,5029,211.32,99.37,0.0
15490,United Kingdom,5030,210.85,99.37,0.0
14992,United Kingdom,5031,210.5,99.37,0.0
13532,United Kingdom,5032,210.31,99.37,0.0
17217,United Kingdom,5033,210.1,99.38,0.0
16874,United Kingdom,5034,209.89,99.38,0.0
17484,United Kingdom,5035,209.57,99.38,0.0
13828,United Kingdom,5036,209.49,99.38,0.0
13056,United Kingdom,5037,209.48,99.38,0.0
14003,United Kingdom,5038,209.41,99.38,0.0
15112,United Kingdom,5039,209.4,99.38,0.0
16487,United Kingdom,5040,209.4,99.38,0.0
17026,United Kingdom,5041,208.98,99.38,0.0
15327,United Kingdom,5042,208.75,99.39,0.0
13290,United Kingdom,5043,208.63,99.39,0.0
15741,United Kingdom,5044,208.62,99.39,0.0
15897,United Kingdom,5045,208.59,99.39,0.0
16457,United Kingdom,5046,208.36,99.39,0.0
15212,United Kingdom,5047,208.28,99.39,0.0
12848,United Kingdom,5048,208.0,99.39,0.0
16964,United Kingdom,5049,207.85,99.39,0.0
16866,United Kingdom,5050,207.74,99.4,0.0
15052,United Kingdom,5051,207.73,99.4,0.0
13099,United Kingdom,5052,207.36,99.4,0.0
17989,United Kingdom,5053,207.33,99.4,0.0
15925,United Kingdom,5054,207.15,99.4,0.0
15295,United Kingdom,5055,207.04,99.4,0.0
15820,United Kingdom,5056,206.98,99.4,0.0
17166,United Kingdom,5057,206.34,99.4,0.0
14964,United Kingdom,5058,206.21,99.4,0.0
15914,United Kingdom,5059,205.99,99.41,0.0
14278,United Kingdom,5060,205.83,99.41,0.0
16540,United Kingdom,5061,205.75,99.41,0.0
17670,United Kingdom,5062,205.7,99.41,0.0
16490,United Kingdom,5063,205.41,99.41,0.0
14602,United Kingdom,5064,205.36,99.41,0.0
15307,United Kingdom,5065,205.3,99.41,0.0
12400,Australia,5066,205.25,99.41,0.0
15758,United Kingdom,5067,205.25,99.42,0.0
15319,United Kingdom,5068,204.5,99.42,0.0
17271,United Kingdom,5069,204.3,99.42,0.0
16901,United Kingdom,5070,204.26,99.42,0.0
14468,United Kingdom,5071,204.24,99.42,0.0
17206,United Kingdom,5072,204.24,99.42,0.0
13017,United Kingdom,5073,204.0,99.42,0.0
17394,United Kingdom,5074,203.87,99.42,0.0
17891,United Kingdom,5075,203.86,99.42,0.0
14519,United Kingdom,5076,203.14,99.43,0.0
17074,United Kingdom,5077,203.05,99.43,0.0
15459,United Kingdom,5078,202.83,99.43,0.0
15558,United Kingdom,5079,202.68,99.43,0.0
18169,United Kingdom,5080,202.65,99.43,0.0
12416,Australia,5081,202.56,99.43,0.0
14892,United Kingdom,5082,202.35,99.43,0.0
14385,United Kingdom,5083,202.11,99.43,0.0
13284,United Kingdom,5084,201.19,99.43,0.0
16965,United Kingdom,5085,201.19,99.44,0.0
18281,United Kingdom,5086,201.14,99.44,0.0
18126,United Kingdom,5087,200.92,99.44,0.0
13556,United Kingdom,5088,200.82,99.44,0.0
14330,United Kingdom,5089,200.63,99.44,0.0
17693,United Kingdom,5090,200.47,99.44,0.0
13133,United Kingdom,5091,200.45,99.44,0.0
13944,United Kingdom,5092,200.43,99.44,0.0
14782,United Kingdom,5093,200.1,99.45,0.0
15593,United Kingdom,5094,199.8,99.45,0.0
13322,United Kingdom,5095,199.48,99.45,0.0
14521,United Kingdom,5096,199.45,99.45,0.0
15001,United Kingdom,5097,199.11,99.45,0.0
15020,United Kingdom,5098,198.47,99.45,0.0
17184,United Kingdom,5099,198.41,99.45,0.0
12581,Germany,5100,197.71,99.45,0.0
17778,United Kingdom,5101,197.7,99.45,0.0
14185,United Kingdom,5102,197.65,99.46,0.0
14789,United Kingdom,5103,197.64,99.46,0.0
17112,United Kingdom,5104,197.57,99.46,0.0
12927,United Kingdom,5105,197.31,99.46,0.0
15234,United Kingdom,5106,197.0,99.46,0.0
13436,United Kingdom,5107,196.89,99.46,0.0
15746,United Kingdom,5108,196.88,99.46,0.0
13978,United Kingdom,5109,196.79,99.46,0.0
16937,United Kingdom,5110,196.25,99.46,0.0
16112,United Kingdom,5111,195.74,99.47,0.0
13757,United Kingdom,5112,195.55,99.47,0.0
17010,United Kingdom,5113,195.36,99.47,0.0
14666,United Kingdom,5114,195.25,99.47,0.0
15612,United Kingdom,5115,195.15,99.47,0.0
14405,United Kingdom,5116,195.0,99.47,0.0
17468,United Kingdom,5117,194.8,99.47,0.0
17065,United Kingdom,5118,194.7,99.47,0.0
17475,United Kingdom,5119,194.37,99.47,0.0
16299,United Kingdom,5120,193.65,99.48,0.0
14476,United Kingdom,5121,193.0,99.48,0.0
12522,Germany,5122,192.72,99.48,0.0
14768,United Kingdom,5123,192.6,99.48,0.0
15729,United Kingdom,5124,192.55,99.48,0.0
18028,United Kingdom,5125,192.05,99.48,0.0
14100,United Kingdom,5126,191.95,99.48,0.0
15909,United Kingdom,5127,191.94,99.48,0.0
16695,United Kingdom,5128,191.9,99.48,0.0
14279,United Kingdom,5129,191.86,99.48,0.0
15692,United Kingdom,5130,191.04,99.49,0.0
15954,United Kingdom,5131,190.75,99.49,0.0
14728,United Kingdom,5132,190.58,99.49,0.0
15688,United Kingdom,5133,190.57,99.49,0.0
15412,United Kingdom,5134,190.53,99.49,0.0
18020,United Kingdom,5135,190.48,99.49,0.0
14617,United Kingdom,5136,190.47,99.49,0.0
13766,United Kingdom,5137,190.35,99.49,0.0
13972,United Kingdom,5138,190.25,99.49,0.0
17257,United Kingdom,5139,189.78,99.5,0.0
18046,United Kingdom,5140,189.63,99.5,0.0
13826,United Kingdom,5141,189.5,99.5,0.0
14801,United Kingdom,5142,189.34,99.5,0.0
14830,United Kingdom,5143,188.88,99.5,0.0
16277,United Kingdom,5144,188.69,99.5,0.0
14697,United Kingdom,5145,188.61,99.5,0.0
17283,United Kingdom,5146,188.46,99.5,0.0
16051,United Kingdom,5147,188.44,99.5,0.0
13063,United Kingdom,5148,188.4,99.51,0.0
17781,United Kingdom,5149,188.02,99.51,0.0
17279,United Kingdom,5150,187.83,99.51,0.0
15072,United Kingdom,5151,187.52,99.51,0.0
13852,United Kingdom,5152,187.35,99.51,0.0
18013,United Kingdom,5153,187.29,99.51,0.0
13568,United Kingdom,5154,187.05,99.51,0.0
13387,United Kingdom,5155,186.94,99.51,0.0
16267,United Kingdom,5156,186.66,99.51,0.0
18063,United Kingdom,5157,186.6,99.51,0.0
17215,United Kingdom,5158,186.15,99.52,0.0
16388,United Kingdom,5159,186.05,99.52,0.0
15567,United Kingdom,5160,186.01,99.52,0.0
12641,Sweden,5161,185.9,99.52,0.0
17574,United Kingdom,5162,185.65,99.52,0.0
14879,United Kingdom,5163,185.06,99.52,0.0
16097,United Kingdom,5164,185.05,99.52,0.0
14677,United Kingdom,5165,184.91,99.52,0.0
17803,United Kingdom,5166,184.66,99.52,0.0
16914,United Kingdom,5167,183.76,99.53,0.0
14059,United Kingdom,5168,183.6,99.53,0.0
13460,United Kingdom,5169,183.44,99.53,0.0
14119,United Kingdom,5170,183.37,99.53,0.0
14983,United Kingdom,5171,183.2,99.53,0.0
16819,United Kingdom,5172,182.59,99.53,0.0
14941,United Kingdom,5173,182.1,99.53,0.0
12934,United Kingdom,5174,181.65,99.53,0.0
16822,United Kingdom,5175,181.39,99.53,0.0
15359,United Kingdom,5176,181.35,99.53,0.0
16594,United Kingdom,5177,181.09,99.54,0.0
17904,United Kingdom,5178,181.07,99.54,0.0
14858,United Kingdom,5179,180.75,99.54,0.0
17820,United Kingdom,5180,180.61,99.54,0.0
16090,United Kingdom,5181,180.56,99.54,0.0
12622,Germany,5182,180.1,99.54,0.0
18234,United Kingdom,5183,179.6,99.54,0.0
14945,United Kingdom,5184,179.4,99.54,0.0
16640,United Kingdom,5185,179.4,99.54,0.0
18147,United Kingdom,5186,179.34,99.54,0.0
15895,United Kingdom,5187,179.17,99.55,0.0
14705,United Kingdom,5188,179.0,99.55,0.0
15209,United Kingdom,5189,178.98,99.55,0.0
15139,United Kingdom,5190,178.96,99.55,0.0
14812,United Kingdom,5191,178.85,99.55,0.0
16691,United Kingdom,5192,178.83,99.55,0.0
17170,United Kingdom,5193,178.68,99.55,0.0
17879,United Kingdom,5194,178.52,99.55,0.0
15292,United Kingdom,5195,178.39,99.55,0.0
18045,United Kingdom,5196,178.34,99.55,0.0
12686,France,5197,178.28,99.56,0.0
17253,United Kingdom,5198,178.26,99.56,0.0
17798,United Kingdom,5199,178.07,99.56,0.0
18282,United Kingdom,5200,178.05,99.56,0.0
16403,United Kingdom,5201,177.5,99.56,0.0
13618,United Kingdom,5202,177.34,99.56,0.0
12618,Italy,5203,177.31,99.56,0.0
13072,United Kingdom,5204,177.15,99.56,0.0
17036,United Kingdom,5205,176.9,99.56,0.0
16285,United Kingdom,5206,176.9,99.56,0.0
17587,United Kingdom,5207,176.71,99.57,0.0
13746,United Kingdom,5208,176.69,99.57,0.0
17947,United Kingdom,5209,176.68,99.57,0.0
14287,United Kingdom,5210,176.63,99.57,0.0
12893,United Kingdom,5211,176.55,99.57,0.0
12509,France,5212,176.5,99.57,0.0
18054,United Kingdom,5213,176.5,99.57,0.0
18175,United Kingdom,5214,176.1,99.57,0.0
18274,United Kingdom,5215,175.92,99.57,0.0
17840,United Kingdom,5216,175.9,99.57,0.0
14486,United Kingdom,5217,175.5,99.58,0.0
18166,United Kingdom,5218,175.5,99.58,0.0
13007,United Kingdom,5219,175.25,99.58,0.0
16144,United Kingdom,5220,175.2,99.58,0.0
17331,United Kingdom,5221,175.2,99.58,0.0
16559,United Kingdom,5222,175.0,99.58,0.0
17108,United Kingdom,5223,174.95,99.58,0.0
14495,United Kingdom,5224,174.8,99.58,0.0
18010,United Kingdom,5225,174.8,99.58,0.0
14518,United Kingdom,5226,174.37,99.58,0.0
15684,United Kingdom,5227,173.95,99.59,0.0
14674,United Kingdom,5228,173.66,99.59,0.0
15565,United Kingdom,5229,173.16,99.59,0.0
16741,United Kingdom,5230,173.06,99.59,0.0
16599,United Kingdom,5231,172.8,99.59,0.0
13671,United Kingdom,5232,172.6,99.59,0.0
13690,United Kingdom,5233,172.25,99.59,0.0
12442,Spain,5234,172.06,99.59,0.0
15515,United Kingdom,5235,171.81,99.59,0.0
17983,United Kingdom,5236,171.71,99.59,0.0
17575,United Kingdom,5237,171.7,99.6,0.0
13560,United Kingdom,5238,171.42,99.6,0.0
16312,United Kingdom,5239,171.15,99.6,0.0
16673,United Kingdom,5240,171.13,99.6,0.0
14536,United Kingdom,5241,170.95,99.6,0.0
15403,United Kingdom,5242,170.88,99.6,0.0
14811,United Kingdom,5243,170.5,99.6,0.0
17922,United Kingdom,5244,170.4,99.6,0.0
15256,United Kingdom,5245,170.4,99.6,0.0
14860,United Kingdom,5246,170.32,99.6,0.0
16731,United Kingdom,5247,170.3,99.61,0.0
15335,United Kingdom,5248,170.22,99.61,0.0
14218,United Kingdom,5249,169.48,99.61,0.0
16002,United Kingdom,5250,169.21,99.61,0.0
15647,United Kingdom,5251,169.0,99.61,0.0
12367,Denmark,5252,168.9,99.61,0.0
12768,Korea,5253,168.69,99.61,0.0
14578,United Kingdom,5254,168.63,99.61,0.0
18099,United Kingdom,5255,168.31,99.61,0.0
17737,United Kingdom,5256,168.24,99.61,0.0
14131,United Kingdom,5257,168.22,99.61,0.0
12551,Spain,5258,168.0,99.62,0.0
17559,United Kingdom,5259,167.62,99.62,0.0
17367,United Kingdom,5260,167.55,99.62,0.0
18037,United Kingdom,5261,167.42,99.62,0.0
17586,United Kingdom,5262,167.4,99.62,0.0
13609,United Kingdom,5263,167.35,99.62,0.0
16405,United Kingdom,5264,167.25,99.62,0.0
15166,United Kingdom,5265,167.16,99.62,0.0
17875,United Kingdom,5266,167.1,99.62,0.0
13547,United Kingdom,5267,167.08,99.62,0.0
13967,United Kingdom,5268,166.3,99.63,0.0
17650,United Kingdom,5269,166.08,99.63,0.0
18088,United Kingdom,5270,166.03,99.63,0.0
18107,United Kingdom,5271,165.88,99.63,0.0
13903,United Kingdom,5272,165.45,99.63,0.0
13470,United Kingdom,5273,165.0,99.63,0.0
15316,United Kingdom,5274,165.0,99.63,0.0
16663,United Kingdom,5275,165.0,99.63,0.0
13191,United Kingdom,5276,164.69,99.63,0.0
15904,United Kingdom,5277,164.68,99.63,0.0
17535,United Kingdom,5278,164.4,99.63,0.0
13603,United Kingdom,5279,164.34,99.64,0.0
17417,United Kingdom,5280,164.18,99.64,0.0
14955,United Kingdom,5281,163.77,99.64,0.0
14354,United Kingdom,5282,163.62,99.64,0.0
14485,United Kingdom,5283,162.8,99.64,0.0
16517,United Kingdom,5284,162.7,99.64,0.0
18174,United Kingdom,5285,162.5,99.64,0.0
12954,United Kingdom,5286,162.45,99.64,0.0
15733,United Kingdom,5287,162.3,99.64,0.0
15534,United Kingdom,5288,162.25,99.64,0.0
16443,United Kingdom,5289,162.24,99.64,0.0
18014,United Kingdom,5290,162.22,99.65,0.0
12661,Sweden,5291,162.0,99.65,0.0
17971,United Kingdom,5292,161.94,99.65,0.0
17600,United Kingdom,5293,161.67,99.65,0.0
16113,United Kingdom,5294,161.38,99.65,0.0
13714,United Kingdom,5295,161.35,99.65,0.0
13779,United Kingdom,5296,161.13,99.65,0.0
13701,United Kingdom,5297,161.0,99.65,0.0
13229,United Kingdom,5298,160.95,99.65,0.0
17605,United Kingdom,5299,160.75,99.65,0.0
17202,United Kingdom,5300,160.65,99.65,0.0
17487,United Kingdom,5301,160.55,99.66,0.0
15229,United Kingdom,5302,160.5,99.66,0.0
16645,United Kingdom,5303,160.39,99.66,0.0
18146,United Kingdom,5304,160.35,99.66,0.0
12966,United Kingdom,5305,160.18,99.66,0.0
14571,United Kingdom,5306,160.0,99.66,0.0
13420,United Kingdom,5307,159.85,99.66,0.0
13302,United Kingdom,5308,159.2,99.66,0.0
17953,United Kingdom,5309,159.17,99.66,0.0
16213,United Kingdom,5310,159.0,99.66,0.0
18224,United Kingdom,5311,158.95,99.66,0.0
14089,United Kingdom,5312,158.75,99.67,0.0
15499,United Kingdom,5313,158.65,99.67,0.0
15548,United Kingdom,5314,158.09,99.67,0.0
15348,United Kingdom,5315,158.04,99.67,0.0
14318,United Kingdom,5316,158.02,99.67,0.0
18004,United Kingdom,5317,157.92,99.67,0.0
17751,United Kingdom,5318,157.86,99.67,0.0
14207,United Kingdom,5319,157.8,99.67,0.0
14822,United Kingdom,5320,157.7,99.67,0.0
16687,United Kingdom,5321,157.63,99.67,0.0
12894,United Kingdom,5322,157.35,99.67,0.0
17318,United Kingdom,5323,157.33,99.68,0.0
16371,United Kingdom,5324,157.2,99.68,0.0
17128,United Kingdom,5325,157.09,99.68,0.0
17118,United Kingdom,5326,157.02,99.68,0.0
15007,United Kingdom,5327,156.91,99.68,0.0
15742,United Kingdom,5328,156.87,99.68,0.0
13830,United Kingdom,5329,156.85,99.68,0.0
14406,United Kingdom,5330,156.75,99.68,0.0
16578,United Kingdom,5331,156.6,99.68,0.0
15438,United Kingdom,5332,156.58,99.68,0.0
15263,United Kingdom,5333,156.51,99.68,0.0
17885,United Kingdom,5334,156.34,99.69,0.0
13051,United Kingdom,5335,155.8,99.69,0.0
17832,United Kingdom,5336,155.37,99.69,0.0
14368,United Kingdom,5337,155.0,99.69,0.0
14046,United Kingdom,5338,154.99,99.69,0.0
17698,United Kingdom,5339,154.95,99.69,0.0
15740,United Kingdom,5340,154.88,99.69,0.0
17899,United Kingdom,5341,154.55,99.69,0.0
15226,United Kingdom,5342,154.41,99.69,0.0
13490,United Kingdom,5343,154.25,99.69,0.0
14814,United Kingdom,5344,154.21,99.69,0.0
17517,United Kingdom,5345,153.94,99.69,0.0
15560,United Kingdom,5346,153.52,99.7,0.0
15431,United Kingdom,5347,153.24,99.7,0.0
12602,France,5348,153.12,99.7,0.0
16248,United Kingdom,5349,152.94,99.7,0.0
18138,United Kingdom,5350,152.65,99.7,0.0
18113,United Kingdom,5351,152.64,99.7,0.0
14066,United Kingdom,5352,152.55,99.7,0.0
15509,United Kingdom,5353,152.41,99.7,0.0
17327,United Kingdom,5354,152.35,99.7,0.0
13653,United Kingdom,5355,152.2,99.7,0.0
16617,United Kingdom,5356,151.85,99.7,0.0
14362,United Kingdom,5357,151.5,99.71,0.0
18076,United Kingdom,5358,151.49,99.71,0.0
13697,United Kingdom,5359,151.3,99.71,0.0
14516,United Kingdom,5360,151.17,99.71,0.0
16337,United Kingdom,5361,151.05,99.71,0.0
16662,United Kingdom,5362,151.05,99.71,0.0
14073,United Kingdom,5363,151.04,99.71,0.0
12959,United Kingdom,5364,150.95,99.71,0.0
14980,United Kingdom,5365,150.68,99.71,0.0
15991,United Kingdom,5366,150.55,99.71,0.0
14084,United Kingdom,5367,150.5,99.71,0.0
15775,United Kingdom,5368,150.5,99.71,0.0
15474,United Kingdom,5369,150.35,99.72,0.0
18200,United Kingdom,5370,150.35,99.72,0.0
14845,United Kingdom,5371,150.0,99.72,0.0
17234,United Kingdom,5372,149.89,99.72,0.0
13257,United Kingdom,5373,149.75,99.72,0.0
17946,United Kingdom,5374,149.58,99.72,0.0
17390,United Kingdom,5375,149.3,99.72,0.0
15435,United Kingdom,5376,149.29,99.72,0.0
13003,United Kingdom,5377,149.05,99.72,0.0
17549,United Kingdom,5378,148.86,99.72,0.0
13125,United Kingdom,5379,148.62,99.72,0.0
15526,United Kingdom,5380,148.44,99.72,0.0
15283,United Kingdom,5381,148.33,99.73,0.0
17592,United Kingdom,5382,148.3,99.73,0.0
13457,United Kingdom,5383,148.22,99.73,0.0
13578,United Kingdom,5384,147.66,99.73,0.0
15479,United Kingdom,5385,147.4,99.73,0.0
16724,United Kingdom,5386,147.35,99.73,0.0
14098,United Kingdom,5387,147.35,99.73,0.0
17794,United Kingdom,5388,147.3,99.73,0.0
12858,United Kingdom,5389,147.27,99.73,0.0
17030,United Kingdom,5390,146.87,99.73,0.0
14683,United Kingdom,5391,146.56,99.73,0.0
15496,United Kingdom,5392,146.14,99.73,0.0
18137,United Kingdom,5393,145.99,99.74,0.0
12565,Saudi Arabia,5394,145.92,99.74,0.0
13866,United Kingdom,5395,145.67,99.74,0.0
15937,United Kingdom,5396,145.35,99.74,0.0
14972,United Kingdom,5397,145.07,99.74,0.0
16598,United Kingdom,5398,145.05,99.74,0.0
15902,United Kingdom,5399,145.01,99.74,0.0
16852,United Kingdom,5400,144.91,99.74,0.0
17938,United Kingdom,5401,144.29,99.74,0.0
14109,United Kingdom,5402,144.2,99.74,0.0
15816,United Kingdom,5403,144.15,99.74,0.0
12587,Finland,5404,144.0,99.74,0.0
17186,United Kingdom,5405,144.0,99.75,0.0
12387,Australia,5406,143.94,99.75,0.0
14604,United Kingdom,5407,143.86,99.75,0.0
14574,United Kingdom,5408,143.7,99.75,0.0
15705,United Kingdom,5409,143.1,99.75,0.0
17149,United Kingdom,5410,143.1,99.75,0.0
15761,United Kingdom,5411,143.05,99.75,0.0
16507,United Kingdom,5412,142.71,99.75,0.0
14386,United Kingdom,5413,142.4,99.75,0.0
17859,United Kingdom,5414,141.92,99.75,0.0
18038,United Kingdom,5415,141.48,99.75,0.0
14041,United Kingdom,5416,141.41,99.75,0.0
17273,United Kingdom,5417,141.12,99.75,0.0
12636,USA,5418,141.0,99.76,0.0
17959,United Kingdom,5419,140.75,99.76,0.0
14773,United Kingdom,5420,140.55,99.76,0.0
15388,Canada,5421,140.54,99.76,0.0
15702,Nigeria,5422,140.39,99.76,0.0
13483,United Kingdom,5423,140.34,99.76,0.0
15324,United Kingdom,5424,140.22,99.76,0.0
13839,United Kingdom,5425,139.95,99.76,0.0
16840,United Kingdom,5426,139.85,99.76,0.0
16483,United Kingdom,5427,139.35,99.76,0.0
14772,United Kingdom,5428,139.26,99.76,0.0
14707,United Kingdom,5429,139.2,99.76,0.0
18209,United Kingdom,5430,139.1,99.77,0.0
13273,United Kingdom,5431,138.98,99.77,0.0
12902,United Kingdom,5432,138.68,99.77,0.0
13716,United Kingdom,5433,138.28,99.77,0.0
17982,United Kingdom,5434,138.18,99.77,0.0
15663,United Kingdom,5435,138.14,99.77,0.0
15848,United Kingdom,5436,137.99,99.77,0.0
16396,United Kingdom,5437,137.8,99.77,0.0
13279,United Kingdom,5438,137.75,99.77,0.0
15836,United Kingdom,5439,137.37,99.77,0.0
13907,United Kingdom,5440,136.8,99.77,0.0
13195,United Kingdom,5441,136.73,99.77,0.0
16237,United Kingdom,5442,136.65,99.77,0.0
16289,United Kingdom,5443,136.31,99.78,0.0
16651,United Kingdom,5444,136.2,99.78,0.0
16876,United Kingdom,5445,136.01,99.78,0.0
14366,United Kingdom,5446,136.0,99.78,0.0
16462,United Kingdom,5447,136.0,99.78,0.0
12968,United Kingdom,5448,135.95,99.78,0.0
17583,United Kingdom,5449,135.95,99.78,0.0
14889,United Kingdom,5450,135.9,99.78,0.0
15419,United Kingdom,5451,135.86,99.78,0.0
16114,United Kingdom,5452,135.75,99.78,0.0
14391,United Kingdom,5453,135.6,99.78,0.0
13076,United Kingdom,5454,135.4,99.78,0.0
16665,United Kingdom,5455,135.4,99.78,0.0
14588,United Kingdom,5456,135.39,99.79,0.0
13144,United Kingdom,5457,135.35,99.79,0.0
17972,United Kingdom,5458,135.19,99.79,0.0
13702,United Kingdom,5459,135.18,99.79,0.0
17960,United Kingdom,5460,135.08,99.79,0.0
17199,United Kingdom,5461,135.04,99.79,0.0
13364,United Kingdom,5462,134.96,99.79,0.0
13119,United Kingdom,5463,134.9,99.79,0.0
16055,United Kingdom,5464,134.8,99.79,0.0
14340,United Kingdom,5465,134.7,99.79,0.0
14174,United Kingdom,5466,134.46,99.79,0.0
15926,United Kingdom,5467,134.44,99.79,0.0
16486,United Kingdom,5468,134.36,99.79,0.0
14280,United Kingdom,5469,134.04,99.8,0.0
16886,United Kingdom,5470,134.0,99.8,0.0
14349,United Kingdom,5471,133.5,99.8,0.0
17881,United Kingdom,5472,133.35,99.8,0.0
17826,United Kingdom,5473,133.34,99.8,0.0
12467,USA,5474,132.8,99.8,0.0
12964,United Kingdom,5475,132.24,99.8,0.0
12512,Israel,5476,132.18,99.8,0.0
14438,United Kingdom,5477,131.9,99.8,0.0
17565,United Kingdom,5478,131.83,99.8,0.0
17455,United Kingdom,5479,131.7,99.8,0.0
14795,United Kingdom,5480,131.45,99.8,0.0
15409,United Kingdom,5481,131.25,99.8,0.0
14378,United Kingdom,5482,131.25,99.8,0.0
17225,United Kingdom,5483,131.15,99.81,0.0
16865,United Kingdom,5484,130.95,99.81,0.0
15844,United Kingdom,5485,130.74,99.81,0.0
17240,United Kingdom,5486,130.6,99.81,0.0
16410,United Kingdom,5487,130.32,99.81,0.0
16288,United Kingdom,5488,129.85,99.81,0.0
15317,United Kingdom,5489,129.75,99.81,0.0
17762,United Kingdom,5490,129.75,99.81,0.0
14865,United Kingdom,5491,129.72,99.81,0.0
17847,United Kingdom,5492,129.69,99.81,0.0
14999,United Kingdom,5493,129.48,99.81,0.0
12555,Spain,5494,129.23,99.81,0.0
13071,United Kingdom,5495,129.22,99.81,0.0
17056,United Kingdom,5496,128.6,99.82,0.0
16828,United Kingdom,5497,128.5,99.82,0.0
17089,United Kingdom,5498,128.45,99.82,0.0
16251,United Kingdom,5499,128.31,99.82,0.0
15892,United Kingdom,5500,128.2,99.82,0.0
17297,United Kingdom,5501,128.18,99.82,0.0
13666,United Kingdom,5502,127.9,99.82,0.0
13053,United Kingdom,5503,127.65,99.82,0.0
13586,United Kingdom,5504,127.28,99.82,0.0
15578,United Kingdom,5505,127.1,99.82,0.0
16973,United Kingdom,5506,127.0,99.82,0.0
14751,United Kingdom,5507,126.45,99.82,0.0
15463,United Kingdom,5508,126.14,99.82,0.0
16294,United Kingdom,5509,126.05,99.82,0.0
13794,United Kingdom,5510,126.03,99.83,0.0
17657,United Kingdom,5511,126.0,99.83,0.0
12814,Poland,5512,125.92,99.83,0.0
13522,United Kingdom,5513,125.8,99.83,0.0
16925,United Kingdom,5514,125.65,99.83,0.0
15017,United Kingdom,5515,125.58,99.83,0.0
15731,United Kingdom,5516,125.3,99.83,0.0
13912,United Kingdom,5517,124.95,99.83,0.0
17148,United Kingdom,5518,124.88,99.83,0.0
17818,United Kingdom,5519,124.78,99.83,0.0
13312,United Kingdom,5520,124.75,99.83,0.0
16849,United Kingdom,5521,124.57,99.83,0.0
17316,United Kingdom,5522,124.45,99.83,0.0
12773,Portugal,5523,124.25,99.83,0.0
18000,United Kingdom,5524,124.25,99.84,0.0
15779,United Kingdom,5525,124.08,99.84,0.0
13968,United Kingdom,5526,123.66,99.84,0.0
14187,United Kingdom,5527,123.5,99.84,0.0
16397,United Kingdom,5528,123.13,99.84,0.0
13876,United Kingdom,5529,122.7,99.84,0.0
13638,United Kingdom,5530,122.64,99.84,0.0
12969,United Kingdom,5531,122.45,99.84,0.0
13084,United Kingdom,5532,122.4,99.84,0.0
16073,United Kingdom,5533,122.4,99.84,0.0
13244,United Kingdom,5534,121.74,99.84,0.0
13182,United Kingdom,5535,121.18,99.84,0.0
15049,United Kingdom,5536,121.17,99.84,0.0
17260,United Kingdom,5537,120.95,99.84,0.0
17446,United Kingdom,5538,120.9,99.84,0.0
14884,United Kingdom,5539,120.6,99.85,0.0
14165,United Kingdom,5540,120.44,99.85,0.0
14444,United Kingdom,5541,120.44,99.85,0.0
17543,United Kingdom,5542,120.05,99.85,0.0
18015,United Kingdom,5543,120.03,99.85,0.0
14259,United Kingdom,5544,120.0,99.85,0.0
14453,United Kingdom,5545,119.93,99.85,0.0
15161,United Kingdom,5546,119.92,99.85,0.0
17541,United Kingdom,5547,119.86,99.85,0.0
17177,United Kingdom,5548,119.5,99.85,0.0
15843,United Kingdom,5549,118.95,99.85,0.0
17280,United Kingdom,5550,118.86,99.85,0.0
17079,United Kingdom,5551,118.8,99.85,0.0
14155,United Kingdom,5552,118.75,99.85,0.0
14076,United Kingdom,5553,118.67,99.86,0.0
12929,United Kingdom,5554,117.85,99.86,0.0
16291,Portugal,5555,117.72,99.86,0.0
17654,United Kingdom,5556,117.55,99.86,0.0
16959,United Kingdom,5557,117.35,99.86,0.0
14726,United Kingdom,5558,116.5,99.86,0.0
17117,United Kingdom,5559,116.2,99.86,0.0
14874,United Kingdom,5560,116.18,99.86,0.0
14143,United Kingdom,5561,115.8,99.86,0.0
16068,United Kingdom,5562,115.73,99.86,0.0
18027,United Kingdom,5563,115.31,99.86,0.0
18012,United Kingdom,5564,115.3,99.86,0.0
17401,United Kingdom,5565,114.85,99.86,0.0
15905,United Kingdom,5566,114.69,99.86,0.0
17933,United Kingdom,5567,114.69,99.86,0.0
13188,United Kingdom,5568,114.6,99.86,0.0
16247,United Kingdom,5569,114.56,99.87,0.0
14632,United Kingdom,5570,114.56,99.87,0.0
14652,United Kingdom,5571,114.18,99.87,0.0
12938,United Kingdom,5572,114.14,99.87,0.0
14582,United Kingdom,5573,114.11,99.87,0.0
17275,United Kingdom,5574,114.1,99.87,0.0
15056,United Kingdom,5575,113.65,99.87,0.0
14457,United Kingdom,5576,113.64,99.87,0.0
18105,United Kingdom,5577,113.48,99.87,0.0
16821,United Kingdom,5578,113.35,99.87,0.0
17784,United Kingdom,5579,112.86,99.87,0.0
18148,United Kingdom,5580,112.85,99.87,0.0
14689,United Kingdom,5581,112.8,99.87,0.0
16697,United Kingdom,5582,112.75,99.87,0.0
18129,United Kingdom,5583,112.55,99.87,0.0
13241,United Kingdom,5584,112.53,99.88,0.0
15899,United Kingdom,5585,112.5,99.88,0.0
15610,United Kingdom,5586,112.46,99.88,0.0
13620,United Kingdom,5587,112.34,99.88,0.0
17816,United Kingdom,5588,112.32,99.88,0.0
17900,United Kingdom,5589,112.2,99.88,0.0
12756,Japan,5590,112.08,99.88,0.0
13193,United Kingdom,5591,112.08,99.88,0.0
14750,United Kingdom,5592,112.03,99.88,0.0
17957,United Kingdom,5593,111.68,99.88,0.0
14668,United Kingdom,5594,111.63,99.88,0.0
17304,United Kingdom,5595,111.5,99.88,0.0
17887,United Kingdom,5596,111.35,99.88,0.0
15352,United Kingdom,5597,111.15,99.88,0.0
17208,United Kingdom,5598,111.15,99.88,0.0
18120,United Kingdom,5599,111.15,99.88,0.0
14464,United Kingdom,5600,111.0,99.89,0.0
12692,France,5601,110.95,99.89,0.0
14509,United Kingdom,5602,110.95,99.89,0.0
15537,United Kingdom,5603,110.92,99.89,0.0
15853,United Kingdom,5604,110.8,99.89,0.0
18256,United Kingdom,5605,110.7,99.89,0.0
14787,United Kingdom,5606,110.65,99.89,0.0
16963,United Kingdom,5607,110.55,99.89,0.0
14641,United Kingdom,5608,110.46,99.89,0.0
17836,United Kingdom,5609,110.21,99.89,0.0
17909,United Kingdom,5610,110.05,99.89,0.0
15851,United Kingdom,5611,109.73,99.89,0.0
14033,United Kingdom,5612,109.44,99.89,0.0
16363,United Kingdom,5613,109.36,99.89,0.0
16064,United Kingdom,5614,109.31,99.89,0.0
16664,United Kingdom,5615,109.2,99.89,0.0
14721,United Kingdom,5616,109.07,99.9,0.0
14345,United Kingdom,5617,108.98,99.9,0.0
13170,United Kingdom,5618,108.81,99.9,0.0
15875,United Kingdom,5619,108.52,99.9,0.0
16106,United Kingdom,5620,108.38,99.9,0.0
14374,United Kingdom,5621,108.0,99.9,0.0
14661,United Kingdom,5622,107.95,99.9,0.0
13580,United Kingdom,5623,107.75,99.9,0.0
14943,United Kingdom,5624,107.62,99.9,0.0
15395,United Kingdom,5625,107.45,99.9,0.0
16301,United Kingdom,5626,107.33,99.9,0.0
15328,United Kingdom,5627,107.24,99.9,0.0
17893,United Kingdom,5628,107.21,99.9,0.0
16047,EIRE,5629,107.14,99.9,0.0
15846,United Kingdom,5630,107.01,99.9,0.0
16630,United Kingdom,5631,106.8,99.9,0.0
16082,United Kingdom,5632,106.75,99.9,0.0
14637,United Kingdom,5633,106.68,99.91,0.0
15168,United Kingdom,5634,106.56,99.91,0.0
15927,United Kingdom,5635,106.54,99.91,0.0
17791,United Kingdom,5636,106.1,99.91,0.0
16581,United Kingdom,5637,105.84,99.91,0.0
18103,United Kingdom,5638,105.8,99.91,0.0
15642,United Kingdom,5639,105.78,99.91,0.0
14579,United Kingdom,5640,105.56,99.91,0.0
15340,United Kingdom,5641,105.5,99.91,0.0
14027,United Kingdom,5642,104.82,99.91,0.0
17328,United Kingdom,5643,104.7,99.91,0.0
16547,United Kingdom,5644,104.26,99.91,0.0
16375,United Kingdom,5645,104.0,99.91,0.0
16896,United Kingdom,5646,103.95,99.91,0.0
14542,United Kingdom,5647,103.25,99.91,0.0
15924,United Kingdom,5648,102.82,99.91,0.0
18124,United Kingdom,5649,102.65,99.92,0.0
17467,United Kingdom,5650,102.6,99.92,0.0
14836,United Kingdom,5651,102.45,99.92,0.0
13829,United Kingdom,5652,102.0,99.92,0.0
15486,United Kingdom,5653,102.0,99.92,0.0
16516,United Kingdom,5654,101.7,99.92,0.0
18068,United Kingdom,5655,101.7,99.92,0.0
16944,United Kingdom,5656,101.36,99.92,0.0
18086,United Kingdom,5657,101.34,99.92,0.0
18195,United Kingdom,5658,101.16,99.92,0.0
13011,United Kingdom,5659,101.1,99.92,0.0
17741,United Kingdom,5660,101.1,99.92,0.0
16498,United Kingdom,5661,100.97,99.92,0.0
17493,United Kingdom,5662,100.91,99.92,0.0
14946,United Kingdom,5663,100.9,99.92,0.0
17224,United Kingdom,5664,100.86,99.92,0.0
17427,United Kingdom,5665,100.8,99.92,0.0
14371,United Kingdom,5666,100.5,99.92,0.0
15635,United Kingdom,5667,100.35,99.93,0.0
17570,United Kingdom,5668,100.0,99.93,0.0
17939,United Kingdom,5669,99.14,99.93,0.0
12774,Netherlands,5670,98.7,99.93,0.0
17538,United Kingdom,5671,98.42,99.93,0.0
16694,United Kingdom,5672,98.3,99.93,0.0
12984,United Kingdom,5673,97.5,99.93,0.0
17395,United Kingdom,5674,97.5,99.93,0.0
14642,United Kingdom,5675,96.12,99.93,0.0
13793,United Kingdom,5676,96.0,99.93,0.0
15583,United Kingdom,5677,95.96,99.93,0.0
17024,United Kingdom,5678,95.85,99.93,0.0
17895,United Kingdom,5679,95.45,99.93,0.0
18249,United Kingdom,5680,95.34,99.93,0.0
12548,Spain,5681,95.2,99.93,0.0
15285,United Kingdom,5682,94.92,99.93,0.0
14833,United Kingdom,5683,94.8,99.93,0.0
15868,United Kingdom,5684,94.53,99.93,0.0
16339,United Kingdom,5685,94.05,99.94,0.0
15397,United Kingdom,5686,94.0,99.94,0.0
18033,United Kingdom,5687,93.82,99.94,0.0
14394,United Kingdom,5688,93.8,99.94,0.0
15305,United Kingdom,5689,93.6,99.94,0.0
12992,United Kingdom,5690,93.35,99.94,0.0
15082,United Kingdom,5691,93.35,99.94,0.0
16196,United Kingdom,5692,93.3,99.94,0.0
14054,United Kingdom,5693,92.46,99.94,0.0
13160,United Kingdom,5694,91.8,99.94,0.0
16831,United Kingdom,5695,91.8,99.94,0.0
12659,France,5696,91.68,99.94,0.0
13392,United Kingdom,5697,91.14,99.94,0.0
14786,United Kingdom,5698,90.96,99.94,0.0
13947,United Kingdom,5699,90.6,99.94,0.0
14435,United Kingdom,5700,90.42,99.94,0.0
16506,United Kingdom,5701,90.3,99.94,0.0
16597,United Kingdom,5702,90.04,99.94,0.0
14117,United Kingdom,5703,90.0,99.94,0.0
15686,United Kingdom,5704,90.0,99.95,0.0
14974,United Kingdom,5705,89.94,99.95,0.0
16061,United Kingdom,5706,89.65,99.95,0.0
13535,United Kingdom,5707,89.5,99.95,0.0
14760,United Kingdom,5708,89.2,99.95,0.0
13222,United Kingdom,5709,88.5,99.95,0.0
15603,United Kingdom,5710,88.48,99.95,0.0
15083,United Kingdom,5711,88.2,99.95,0.0
16564,United Kingdom,5712,87.8,99.95,0.0
17606,United Kingdom,5713,87.3,99.95,0.0
17763,United Kingdom,5714,86.15,99.95,0.0
13180,United Kingdom,5715,86.1,99.95,0.0
15541,United Kingdom,5716,85.13,99.95,0.0
13841,United Kingdom,5717,85.0,99.95,0.0
12401,Belgium,5718,84.3,99.95,0.0
15094,United Kingdom,5719,83.0,99.95,0.0
14347,United Kingdom,5720,82.6,99.95,0.0
13469,United Kingdom,5721,82.4,99.95,0.0
16028,United Kingdom,5722,82.2,99.95,0.0
13215,United Kingdom,5723,81.6,99.95,0.0
13006,United Kingdom,5724,81.57,99.95,0.0
17620,United Kingdom,5725,81.44,99.96,0.0
17008,United Kingdom,5726,81.36,99.96,0.0
14717,United Kingdom,5727,81.3,99.96,0.0
15170,United Kingdom,5728,81.15,99.96,0.0
17336,United Kingdom,5729,81.12,99.96,0.0
16789,United Kingdom,5730,80.8,99.96,0.0
17752,United Kingdom,5731,80.64,99.96,0.0
15833,United Kingdom,5732,80.4,99.96,0.0
15131,United Kingdom,5733,80.28,99.96,0.0
14190,United Kingdom,5734,79.9,99.96,0.0
16165,United Kingdom,5735,79.9,99.96,0.0
14589,United Kingdom,5736,79.5,99.96,0.0
14007,United Kingdom,5737,79.48,99.96,0.0
15753,United Kingdom,5738,79.2,99.96,0.0
12570,Spain,5739,77.52,99.96,0.0
17942,United Kingdom,5740,77.5,99.96,0.0
14785,United Kingdom,5741,77.4,99.96,0.0
13132,United Kingdom,5742,77.3,99.96,0.0
16867,United Kingdom,5743,76.74,99.96,0.0
14373,United Kingdom,5744,76.55,99.96,0.0
14090,United Kingdom,5745,76.32,99.96,0.0
14613,United Kingdom,5746,76.32,99.96,0.0
15668,United Kingdom,5747,76.32,99.97,0.0
13219,United Kingdom,5748,76.23,99.97,0.0
17628,United Kingdom,5749,75.75,99.97,0.0
16610,United Kingdom,5750,75.66,99.97,0.0
14559,United Kingdom,5751,75.6,99.97,0.0
17192,United Kingdom,5752,75.28,99.97,0.0
16420,United Kingdom,5753,75.0,99.97,0.0
17944,United Kingdom,5754,74.99,99.97,0.0
13095,United Kingdom,5755,74.4,99.97,0.0
12506,France,5756,73.5,99.97,0.0
18032,United Kingdom,5757,73.5,99.97,0.0
16171,United Kingdom,5758,73.2,99.97,0.0
17906,United Kingdom,5759,72.9,99.97,0.0
13105,United Kingdom,5760,72.0,99.97,0.0
16459,United Kingdom,5761,71.79,99.97,0.0
13938,United Kingdom,5762,71.66,99.97,0.0
13185,United Kingdom,5763,71.4,99.97,0.0
16970,United Kingdom,5764,71.4,99.97,0.0
17747,United Kingdom,5765,71.4,99.97,0.0
13915,United Kingdom,5766,70.8,99.97,0.0
14576,United Kingdom,5767,70.8,99.97,0.0
15564,United Kingdom,5768,70.74,99.97,0.0
12568,Germany,5769,70.0,99.97,0.0
13172,United Kingdom,5770,69.6,99.97,0.0
14906,United Kingdom,5771,68.44,99.97,0.0
12861,United Kingdom,5772,68.25,99.98,0.0
17249,United Kingdom,5773,68.03,99.98,0.0
14393,United Kingdom,5774,67.95,99.98,0.0
17532,United Kingdom,5775,65.34,99.98,0.0
13022,Belgium,5776,65.3,99.98,0.0
13130,United Kingdom,5777,64.0,99.98,0.0
16238,United Kingdom,5778,63.66,99.98,0.0
17216,United Kingdom,5779,63.6,99.98,0.0
17263,United Kingdom,5780,63.44,99.98,0.0
15470,United Kingdom,5781,63.42,99.98,0.0
12404,Finland,5782,63.24,99.98,0.0
16058,United Kingdom,5783,62.7,99.98,0.0
13218,United Kingdom,5784,62.64,99.98,0.0
14650,United Kingdom,5785,62.5,99.98,0.0
15516,United Kingdom,5786,62.43,99.98,0.0
13380,United Kingdom,5787,62.4,99.98,0.0
13303,United Kingdom,5788,61.72,99.98,0.0
13818,United Kingdom,5789,61.28,99.98,0.0
15375,United Kingdom,5790,60.96,99.98,0.0
16605,United Kingdom,5791,60.48,99.98,0.0
15250,United Kingdom,5792,60.0,99.98,0.0
17174,United Kingdom,5793,59.9,99.98,0.0
13391,United Kingdom,5794,59.8,99.98,0.0
13682,United Kingdom,5795,59.5,99.98,0.0
15233,United Kingdom,5796,59.4,99.98,0.0
15371,United Kingdom,5797,59.4,99.98,0.0
14384,United Kingdom,5798,58.5,99.98,0.0
12466,France,5799,56.73,99.98,0.0
17775,United Kingdom,5800,56.4,99.99,0.0
13366,United Kingdom,5801,56.16,99.99,0.0
15685,United Kingdom,5802,55.98,99.99,0.0
12776,Portugal,5803,55.5,99.99,0.0
17494,United Kingdom,5804,54.7,99.99,0.0
12860,United Kingdom,5805,54.22,99.99,0.0
13306,United Kingdom,5806,53.65,99.99,0.0
16349,United Kingdom,5807,53.5,99.99,0.0
17599,United Kingdom,5808,52.05,99.99,0.0
15313,United Kingdom,5809,52.0,99.99,0.0
16786,United Kingdom,5810,51.84,99.99,0.0
17844,Canada,5811,51.56,99.99,0.0
13254,United Kingdom,5812,51.41,99.99,0.0
14351,United Kingdom,5813,51.0,99.99,0.0
14743,United Kingdom,5814,50.48,99.99,0.0
18184,United Kingdom,5815,49.8,99.99,0.0
14380,United Kingdom,5816,48.96,99.99,0.0
16530,United Kingdom,5817,48.35,99.99,0.0
16257,United Kingdom,5818,46.95,99.99,0.0
13438,United Kingdom,5819,46.5,99.99,0.0
15698,United Kingdom,5820,46.2,99.99,0.0
12496,Spain,5821,45.34,99.99,0.0
15672,United Kingdom,5822,45.3,99.99,0.0
17916,United Kingdom,5823,43.87,99.99,0.0
14300,United Kingdom,5824,43.2,99.99,0.0
13913,United Kingdom,5825,42.22,99.99,0.0
13906,United Kingdom,5826,42.0,99.99,0.0
16219,United Kingdom,5827,40.8,99.99,0.0
14266,United Kingdom,5828,40.56,99.99,0.0
15178,United Kingdom,5829,40.5,99.99,0.0
14086,United Kingdom,5830,39.95,99.99,0.0
16659,United Kingdom,5831,39.12,99.99,0.0
17246,United Kingdom,5832,38.92,99.99,0.0
18019,United Kingdom,5833,38.45,99.99,0.0
15455,United Kingdom,5834,38.25,99.99,0.0
15693,United Kingdom,5835,37.5,99.99,0.0
16162,United Kingdom,5836,37.4,99.99,0.0
17352,United Kingdom,5837,36.25,99.99,0.0
14993,United Kingdom,5838,36.13,100.0,0.0
15940,United Kingdom,5839,35.8,100.0,0.0
16417,United Kingdom,5840,35.7,100.0,0.0
17831,United Kingdom,5841,35.4,100.0,0.0
15744,United Kingdom,5842,34.8,100.0,0.0
17533,United Kingdom,5843,34.8,100.0,0.0
15871,United Kingdom,5844,33.1,100.0,0.0
16941,United Kingdom,5845,33.0,100.0,0.0
14977,United Kingdom,5846,31.93,100.0,0.0
17129,United Kingdom,5847,31.85,100.0,0.0
16454,United Kingdom,5848,30.95,100.0,0.0
13120,United Kingdom,5849,30.6,100.0,0.0
14144,United Kingdom,5850,30.6,100.0,0.0
16548,United Kingdom,5851,30.15,100.0,0.0
15575,United Kingdom,5852,30.1,100.0,0.0
15657,United Kingdom,5853,30.0,100.0,0.0
17319,United Kingdom,5854,29.1,100.0,0.0
17102,United Kingdom,5855,25.5,100.0,0.0
15284,United Kingdom,5856,24.75,100.0,0.0
14610,United Kingdom,5857,24.35,100.0,0.0
16537,United Kingdom,5858,23.35,100.0,0.0
12606,Spain,5859,21.0,100.0,0.0
16953,United Kingdom,5860,20.8,100.0,0.0
17986,United Kingdom,5861,20.8,100.0,0.0
13112,United Kingdom,5862,20.6,100.0,0.0
15999,United Kingdom,5863,20.4,100.0,0.0
13163,United Kingdom,5864,17.65,100.0,0.0
16093,United Kingdom,5865,17.0,100.0,0.0
12846,United Kingdom,5866,15.58,100.0,0.0
14580,United Kingdom,5867,14.85,100.0,0.0
14900,United Kingdom,5868,13.92,100.0,0.0
16878,United Kingdom,5869,13.3,100.0,0.0
17956,United Kingdom,5870,12.75,100.0,0.0
17378,United Kingdom,5871,10.95,100.0,0.0
18115,United Kingdom,5872,9.7,100.0,0.0
15040,United Kingdom,5873,7.49,100.0,0.0
15913,United Kingdom,5874,6.3,100.0,0.0
14792,United Kingdom,5875,6.2,100.0,0.0
13788,United Kingdom,5876,3.75,100.0,0.0
16738,United Kingdom,5877,3.75,100.0,0.0
14095,United Kingdom,5878,2.95,100.0,0.0
